{"78R":{"seccion":"IMM_5476[0]","hubspotProperty":""},"79R":{"seccion":"IMM_5476[0].Master[0]","hubspotProperty":""},"93R":{"seccion":"IMM_5476[0].Master[0].frontPage[0]","hubspotProperty":""},"141R":{"seccion":"IMM_5476[0].Master[0].frontPage[0].SaveButton1[0]","hubspotProperty":""},"144R":{"seccion":"IMM_5476[0].Master[0].frontPage[0].ResetButton1[0]","hubspotProperty":""},"145R":{"seccion":"IMM_5476[0].Master[0].frontPage[0].PrintButton1[0]","hubspotProperty":""},"94R":{"seccion":"IMM_5476[0].Master[0].overflowPage[0]","hubspotProperty":""},"52R":{"seccion":"IMM_5476[0].Master[0].overflowPage[0].SaveButton2[0]","hubspotProperty":""},"54R":{"seccion":"IMM_5476[0].Master[0].overflowPage[0].ResetButton2[0]","hubspotProperty":""},"53R":{"seccion":"IMM_5476[0].Master[0].overflowPage[0].PrintButton2[0]","hubspotProperty":""},"95R":{"seccion":"IMM_5476[0].Master[0].overflowPage[1]","hubspotProperty":""},"77R":{"seccion":"IMM_5476[0].Master[0].overflowPage[1].SaveButton2[0]","hubspotProperty":""},"76R":{"seccion":"IMM_5476[0].Master[0].overflowPage[1].ResetButton2[0]","hubspotProperty":""},"75R":{"seccion":"IMM_5476[0].Master[0].overflowPage[1].PrintButton2[0]","hubspotProperty":""},"80R":{"seccion":"IMM_5476[0].Page1[0]","hubspotProperty":""},"146R":{"seccion":"IMM_5476[0].Page1[0].websitelink[0]","hubspotProperty":""},"147R":{"seccion":"IMM_5476[0].Page1[0].appoint[0]","hubspotProperty":""},"149R":{"seccion":"IMM_5476[0].Page1[0].cancel[0]","hubspotProperty":""},"81R":{"seccion":"IMM_5476[0].Page1[0].SectionA[0]","hubspotProperty":""},"150R":{"seccion":"IMM_5476[0].Page1[0].SectionA[0].familyName[0]","hubspotProperty":""},"151R":{"seccion":"IMM_5476[0].Page1[0].SectionA[0].givenName[0]","hubspotProperty":""},"152R":{"seccion":"IMM_5476[0].Page1[0].SectionA[0].DOB[0]","hubspotProperty":""},"153R":{"seccion":"IMM_5476[0].Page1[0].SectionA[0].office[0]","hubspotProperty":""},"154R":{"seccion":"IMM_5476[0].Page1[0].SectionA[0].application[0]","hubspotProperty":""},"155R":{"seccion":"IMM_5476[0].Page1[0].SectionA[0].UCI[0]","hubspotProperty":""},"82R":{"seccion":"IMM_5476[0].Page1[0].SectionB[0]","hubspotProperty":""},"156R":{"seccion":"IMM_5476[0].Page1[0].SectionB[0].familyName[0]","hubspotProperty":""},"157R":{"seccion":"IMM_5476[0].Page1[0].SectionB[0].givenName[0]","hubspotProperty":""},"86R":{"seccion":"IMM_5476[0].Page1[0].SectionB[0].question6[0]","hubspotProperty":""},"89R":{"seccion":"IMM_5476[0].Page1[0].SectionB[0].question6[0].questionI[0]","hubspotProperty":""},"92R":{"seccion":"IMM_5476[0].Page1[0].SectionB[0].question6[0].questionI[0].uncompensated[0]","hubspotProperty":""},"161R":{"seccion":"IMM_5476[0].Page1[0].SectionB[0].question6[0].questionI[0].membership[0]","hubspotProperty":""},"162R":{"seccion":"IMM_5476[0].Page1[0].SectionB[0].question6[0].questionI[0].otherRep[0]","hubspotProperty":""},"163R":{"seccion":"IMM_5476[0].Page1[0].SectionB[0].question6[0].questionI[0].province[0]","hubspotProperty":""},"90R":{"seccion":"IMM_5476[0].Page1[0].SectionB[0].question6[0].questionII[0]","hubspotProperty":""},"91R":{"seccion":"IMM_5476[0].Page1[0].SectionB[0].question6[0].questionII[0].compensated[0]","hubspotProperty":""},"42R":{"seccion":"IMM_5476[0].Page1[0].SectionB[0].question6[0].questionII[0].ICCRCMember[0]","hubspotProperty":""},"44R":{"seccion":"IMM_5476[0].Page1[0].SectionB[0].question6[0].questionII[0].province[0]","hubspotProperty":""},"56R":{"seccion":"IMM_5476[0].Page1[0].SectionB[0].question6[0].questionII[0].membership[0]","hubspotProperty":""},"45R":{"seccion":"IMM_5476[0].Page1[0].SectionB[0].question6[0].questionII[0].quebecLaw[0]","hubspotProperty":""},"87R":{"seccion":"IMM_5476[0].Page1[0].SectionB[0].question7[0]","hubspotProperty":""},"48R":{"seccion":"IMM_5476[0].Page1[0].SectionB[0].question7[0].organization[0]","hubspotProperty":""},"47R":{"seccion":"IMM_5476[0].Page1[0].SectionB[0].question7[0].lawyer[0]","hubspotProperty":""},"46R":{"seccion":"IMM_5476[0].Page1[0].SectionB[0].question7[0].membershipID[0]","hubspotProperty":""},"49R":{"seccion":"IMM_5476[0].Page1[0].SectionB[0].question7[0].unit[0]","hubspotProperty":""},"50R":{"seccion":"IMM_5476[0].Page1[0].SectionB[0].question7[0].streetNo[0]","hubspotProperty":""},"51R":{"seccion":"IMM_5476[0].Page1[0].SectionB[0].question7[0].streetName[0]","hubspotProperty":""},"41R":{"seccion":"IMM_5476[0].Page1[0].SectionB[0].question7[0].city[0]","hubspotProperty":""},"43R":{"seccion":"IMM_5476[0].Page1[0].SectionB[0].question7[0].province[0]","hubspotProperty":""},"69R":{"seccion":"IMM_5476[0].Page1[0].SectionB[0].question7[0].country[0]","hubspotProperty":""},"68R":{"seccion":"IMM_5476[0].Page1[0].SectionB[0].question7[0].postalcode[0]","hubspotProperty":""},"67R":{"seccion":"IMM_5476[0].Page1[0].SectionB[0].question7[0].phoneCountryCode[0]","hubspotProperty":""},"66R":{"seccion":"IMM_5476[0].Page1[0].SectionB[0].question7[0].phoneNumber[0]","hubspotProperty":""},"65R":{"seccion":"IMM_5476[0].Page1[0].SectionB[0].question7[0].faxCountryCode[0]","hubspotProperty":""},"64R":{"seccion":"IMM_5476[0].Page1[0].SectionB[0].question7[0].faxNumber[0]","hubspotProperty":""},"63R":{"seccion":"IMM_5476[0].Page1[0].SectionB[0].question7[0].email[0]","hubspotProperty":""},"88R":{"seccion":"IMM_5476[0].Page1[0].SectionB[0].question8[0]","hubspotProperty":""},"62R":{"seccion":"IMM_5476[0].Page1[0].SectionB[0].question8[0].repSignature[0]","hubspotProperty":""},"61R":{"seccion":"IMM_5476[0].Page1[0].SectionB[0].question8[0].dateSigned[0]","hubspotProperty":""},"83R":{"seccion":"IMM_5476[0].Page1[0].sectionC[0]","hubspotProperty":""},"60R":{"seccion":"IMM_5476[0].Page1[0].sectionC[0].familyName[0]","hubspotProperty":""},"59R":{"seccion":"IMM_5476[0].Page1[0].sectionC[0].givenName[0]","hubspotProperty":""},"58R":{"seccion":"IMM_5476[0].Page1[0].sectionC[0].organization[0]","hubspotProperty":""},"84R":{"seccion":"IMM_5476[0].Page1[0].sectionD[0]","hubspotProperty":""},"74R":{"seccion":"IMM_5476[0].Page1[0].sectionD[0].signatrureApplicant[0]","hubspotProperty":""},"73R":{"seccion":"IMM_5476[0].Page1[0].sectionD[0].dateApplicantSigned[0]","hubspotProperty":""},"72R":{"seccion":"IMM_5476[0].Page1[0].sectionD[0].spouseSignature[0]","hubspotProperty":""},"71R":{"seccion":"IMM_5476[0].Page1[0].sectionD[0].dateSpouseSigned[0]","hubspotProperty":""},"85R":{"seccion":"IMM_5476[0].Page1[0].disclaimer[0]","hubspotProperty":""},"70R":{"seccion":"IMM_5476[0].Page1[0].disclaimer[0].websitelink[0]","hubspotProperty":""}}