{"17R":{"seccion":"IMM_5713[0]","hubspotProperty":""},"18R":{"seccion":"IMM_5713[0].page1[0]","hubspotProperty":""},"19R":{"seccion":"IMM_5713[0].page1[0].subNo1[0]","hubspotProperty":""},"245R":{"seccion":"IMM_5713[0].page1[0].subNo1[0].familyName[0]","hubspotProperty":""},"246R":{"seccion":"IMM_5713[0].page1[0].subNo1[0].givenName[0]","hubspotProperty":""},"34R":{"seccion":"IMM_5713[0].page1[0].subNo1[0].subNo2[0]","hubspotProperty":""},"35R":{"seccion":"IMM_5713[0].page1[0].subNo1[0].subNo2[0].dateBox[0]","hubspotProperty":""},"247R":{"seccion":"IMM_5713[0].page1[0].subNo1[0].subNo2[0].dateBox[0].theDate[0]","hubspotProperty":""},"20R":{"seccion":"IMM_5713[0].page1[0].subNo3[0]","hubspotProperty":""},"29R":{"seccion":"IMM_5713[0].page1[0].subNo3[0].subRow1[0]","hubspotProperty":""},"248R":{"seccion":"IMM_5713[0].page1[0].subNo3[0].subRow1[0].TextField1[0]","hubspotProperty":""},"249R":{"seccion":"IMM_5713[0].page1[0].subNo3[0].subRow1[0].TextField1[1]","hubspotProperty":""},"250R":{"seccion":"IMM_5713[0].page1[0].subNo3[0].subRow1[0].DateTimeField1[0]","hubspotProperty":""},"30R":{"seccion":"IMM_5713[0].page1[0].subNo3[0].subRow2[0]","hubspotProperty":""},"251R":{"seccion":"IMM_5713[0].page1[0].subNo3[0].subRow2[0].TextField1[0]","hubspotProperty":""},"252R":{"seccion":"IMM_5713[0].page1[0].subNo3[0].subRow2[0].TextField1[1]","hubspotProperty":""},"253R":{"seccion":"IMM_5713[0].page1[0].subNo3[0].subRow2[0].DateTimeField1[0]","hubspotProperty":""},"31R":{"seccion":"IMM_5713[0].page1[0].subNo3[0].subRow3[0]","hubspotProperty":""},"254R":{"seccion":"IMM_5713[0].page1[0].subNo3[0].subRow3[0].TextField1[0]","hubspotProperty":""},"255R":{"seccion":"IMM_5713[0].page1[0].subNo3[0].subRow3[0].TextField1[1]","hubspotProperty":""},"256R":{"seccion":"IMM_5713[0].page1[0].subNo3[0].subRow3[0].DateTimeField1[0]","hubspotProperty":""},"32R":{"seccion":"IMM_5713[0].page1[0].subNo3[0].subRow4[0]","hubspotProperty":""},"257R":{"seccion":"IMM_5713[0].page1[0].subNo3[0].subRow4[0].TextField1[0]","hubspotProperty":""},"258R":{"seccion":"IMM_5713[0].page1[0].subNo3[0].subRow4[0].TextField1[1]","hubspotProperty":""},"259R":{"seccion":"IMM_5713[0].page1[0].subNo3[0].subRow4[0].DateTimeField1[0]","hubspotProperty":""},"33R":{"seccion":"IMM_5713[0].page1[0].subNo3[0].subRow5[0]","hubspotProperty":""},"260R":{"seccion":"IMM_5713[0].page1[0].subNo3[0].subRow5[0].TextField1[0]","hubspotProperty":""},"261R":{"seccion":"IMM_5713[0].page1[0].subNo3[0].subRow5[0].TextField1[1]","hubspotProperty":""},"262R":{"seccion":"IMM_5713[0].page1[0].subNo3[0].subRow5[0].DateTimeField1[0]","hubspotProperty":""},"21R":{"seccion":"IMM_5713[0].page1[0].subB[0]","hubspotProperty":""},"24R":{"seccion":"IMM_5713[0].page1[0].subB[0].subRow1[0]","hubspotProperty":""},"263R":{"seccion":"IMM_5713[0].page1[0].subB[0].subRow1[0].TextField1[0]","hubspotProperty":""},"264R":{"seccion":"IMM_5713[0].page1[0].subB[0].subRow1[0].DateTimeField1[0]","hubspotProperty":""},"25R":{"seccion":"IMM_5713[0].page1[0].subB[0].subRow2[0]","hubspotProperty":""},"265R":{"seccion":"IMM_5713[0].page1[0].subB[0].subRow2[0].TextField1[0]","hubspotProperty":""},"266R":{"seccion":"IMM_5713[0].page1[0].subB[0].subRow2[0].DateTimeField1[0]","hubspotProperty":""},"26R":{"seccion":"IMM_5713[0].page1[0].subB[0].subRow3[0]","hubspotProperty":""},"267R":{"seccion":"IMM_5713[0].page1[0].subB[0].subRow3[0].TextField1[0]","hubspotProperty":""},"268R":{"seccion":"IMM_5713[0].page1[0].subB[0].subRow3[0].DateTimeField1[0]","hubspotProperty":""},"27R":{"seccion":"IMM_5713[0].page1[0].subB[0].subRow4[0]","hubspotProperty":""},"269R":{"seccion":"IMM_5713[0].page1[0].subB[0].subRow4[0].TextField1[0]","hubspotProperty":""},"270R":{"seccion":"IMM_5713[0].page1[0].subB[0].subRow4[0].DateTimeField1[0]","hubspotProperty":""},"28R":{"seccion":"IMM_5713[0].page1[0].subB[0].subRow5[0]","hubspotProperty":""},"271R":{"seccion":"IMM_5713[0].page1[0].subB[0].subRow5[0].TextField1[0]","hubspotProperty":""},"272R":{"seccion":"IMM_5713[0].page1[0].subB[0].subRow5[0].DateTimeField1[0]","hubspotProperty":""},"22R":{"seccion":"IMM_5713[0].page1[0].subC[0]","hubspotProperty":""},"23R":{"seccion":"IMM_5713[0].page1[0].subC[0].dateBox[0]","hubspotProperty":""},"273R":{"seccion":"IMM_5713[0].page1[0].subC[0].dateBox[0].theDate[0]","hubspotProperty":""}}