{"143R":{"seccion":"IMM_5645[0]","hubspotProperty":""},"144R":{"seccion":"IMM_5645[0].master[0]","hubspotProperty":""},"169R":{"seccion":"IMM_5645[0].master[0].frontPage[0]","hubspotProperty":""},"681R":{"seccion":"IMM_5645[0].master[0].frontPage[0].SaveButton1[0]","hubspotProperty":""},"684R":{"seccion":"IMM_5645[0].master[0].frontPage[0].ResetButton1[0]","hubspotProperty":""},"685R":{"seccion":"IMM_5645[0].master[0].frontPage[0].PrintButton1[0]","hubspotProperty":""},"170R":{"seccion":"IMM_5645[0].master[0].overflowPages[0]","hubspotProperty":""},"142R":{"seccion":"IMM_5645[0].master[0].overflowPages[0].SaveButton2[0]","hubspotProperty":""},"141R":{"seccion":"IMM_5645[0].master[0].overflowPages[0].ResetButton2[0]","hubspotProperty":""},"140R":{"seccion":"IMM_5645[0].master[0].overflowPages[0].PrintButton2[0]","hubspotProperty":""},"145R":{"seccion":"IMM_5645[0].page1[0]","hubspotProperty":""},"146R":{"seccion":"IMM_5645[0].page1[0].Subform1[0]","hubspotProperty":""},"686R":{"seccion":"IMM_5645[0].page1[0].Subform1[0].Visitor[0]","hubspotProperty":""},"688R":{"seccion":"IMM_5645[0].page1[0].Subform1[0].Worker[0]","hubspotProperty":""},"689R":{"seccion":"IMM_5645[0].page1[0].Subform1[0].Student[0]","hubspotProperty":""},"690R":{"seccion":"IMM_5645[0].page1[0].Subform1[0].Other[0]","hubspotProperty":""},"147R":{"seccion":"IMM_5645[0].page1[0].SectionA[0]","hubspotProperty":""},"164R":{"seccion":"IMM_5645[0].page1[0].SectionA[0].Applicant[0]","hubspotProperty":""},"691R":{"seccion":"IMM_5645[0].page1[0].SectionA[0].Applicant[0].AppName[0]","hubspotProperty":""},"692R":{"seccion":"IMM_5645[0].page1[0].SectionA[0].Applicant[0].AppDOB[0]","hubspotProperty":""},"693R":{"seccion":"IMM_5645[0].page1[0].SectionA[0].Applicant[0].AppCOB[0]","hubspotProperty":""},"694R":{"seccion":"IMM_5645[0].page1[0].SectionA[0].Applicant[0].AppAddress[0]","hubspotProperty":""},"695R":{"seccion":"IMM_5645[0].page1[0].SectionA[0].Applicant[0].AppOccupation[0]","hubspotProperty":""},"696R":{"seccion":"IMM_5645[0].page1[0].SectionA[0].Applicant[0].ChildMStatus[0]","hubspotProperty":"","options":[{"exportValue":"1","displayValue":"Annulled marriage"},{"exportValue":"2","displayValue":"Common-law"},{"exportValue":"3","displayValue":"Divorced"},{"exportValue":"4","displayValue":"Legally separated"},{"exportValue":"5","displayValue":"Married-physically present"},{"exportValue":"6","displayValue":"Married-not physically present"},{"exportValue":"7","displayValue":"Single"},{"exportValue":"8","displayValue":"Widowed"}]},"165R":{"seccion":"IMM_5645[0].page1[0].SectionA[0].Spouse[0]","hubspotProperty":""},"697R":{"seccion":"IMM_5645[0].page1[0].SectionA[0].Spouse[0].SpouseName[0]","hubspotProperty":""},"698R":{"seccion":"IMM_5645[0].page1[0].SectionA[0].Spouse[0].SpouseDOB[0]","hubspotProperty":""},"699R":{"seccion":"IMM_5645[0].page1[0].SectionA[0].Spouse[0].SpouseCOB[0]","hubspotProperty":""},"700R":{"seccion":"IMM_5645[0].page1[0].SectionA[0].Spouse[0].SpouseAddress[0]","hubspotProperty":""},"701R":{"seccion":"IMM_5645[0].page1[0].SectionA[0].Spouse[0].SpouseOccupation[0]","hubspotProperty":""},"702R":{"seccion":"IMM_5645[0].page1[0].SectionA[0].Spouse[0].SpouseYes[0]","hubspotProperty":""},"703R":{"seccion":"IMM_5645[0].page1[0].SectionA[0].Spouse[0].SpouseNo[0]","hubspotProperty":""},"704R":{"seccion":"IMM_5645[0].page1[0].SectionA[0].Spouse[0].ChildMStatus[0]","hubspotProperty":"","options":[{"exportValue":"1","displayValue":"Annulled marriage"},{"exportValue":"2","displayValue":"Common-law"},{"exportValue":"3","displayValue":"Divorced"},{"exportValue":"4","displayValue":"Legally separated"},{"exportValue":"5","displayValue":"Married-physically present"},{"exportValue":"6","displayValue":"Married-not physically present"},{"exportValue":"7","displayValue":"Single"},{"exportValue":"8","displayValue":"Widowed"}]},"166R":{"seccion":"IMM_5645[0].page1[0].SectionA[0].Mother[0]","hubspotProperty":""},"705R":{"seccion":"IMM_5645[0].page1[0].SectionA[0].Mother[0].MotherName[0]","hubspotProperty":""},"706R":{"seccion":"IMM_5645[0].page1[0].SectionA[0].Mother[0].MotherDOB[0]","hubspotProperty":""},"707R":{"seccion":"IMM_5645[0].page1[0].SectionA[0].Mother[0].MotherCOB[0]","hubspotProperty":""},"708R":{"seccion":"IMM_5645[0].page1[0].SectionA[0].Mother[0].MotherAddress[0]","hubspotProperty":""},"709R":{"seccion":"IMM_5645[0].page1[0].SectionA[0].Mother[0].MotherOccupation[0]","hubspotProperty":""},"710R":{"seccion":"IMM_5645[0].page1[0].SectionA[0].Mother[0].MotherYes[0]","hubspotProperty":""},"711R":{"seccion":"IMM_5645[0].page1[0].SectionA[0].Mother[0].MotherNo[0]","hubspotProperty":""},"712R":{"seccion":"IMM_5645[0].page1[0].SectionA[0].Mother[0].ChildMStatus[0]","hubspotProperty":"","options":[{"exportValue":"1","displayValue":"Annulled marriage"},{"exportValue":"2","displayValue":"Common-law"},{"exportValue":"3","displayValue":"Divorced"},{"exportValue":"4","displayValue":"Legally separated"},{"exportValue":"5","displayValue":"Married"},{"exportValue":"6","displayValue":"Single"},{"exportValue":"7","displayValue":"Widowed"}]},"167R":{"seccion":"IMM_5645[0].page1[0].SectionA[0].Father[0]","hubspotProperty":""},"713R":{"seccion":"IMM_5645[0].page1[0].SectionA[0].Father[0].FatherName[0]","hubspotProperty":""},"714R":{"seccion":"IMM_5645[0].page1[0].SectionA[0].Father[0].FatherDOB[0]","hubspotProperty":""},"715R":{"seccion":"IMM_5645[0].page1[0].SectionA[0].Father[0].FatherCOB[0]","hubspotProperty":""},"716R":{"seccion":"IMM_5645[0].page1[0].SectionA[0].Father[0].FatherAddress[0]","hubspotProperty":""},"717R":{"seccion":"IMM_5645[0].page1[0].SectionA[0].Father[0].FatherOccupation[0]","hubspotProperty":""},"718R":{"seccion":"IMM_5645[0].page1[0].SectionA[0].Father[0].FatherYes[0]","hubspotProperty":""},"719R":{"seccion":"IMM_5645[0].page1[0].SectionA[0].Father[0].FatherNo[0]","hubspotProperty":""},"720R":{"seccion":"IMM_5645[0].page1[0].SectionA[0].Father[0].ChildMStatus[0]","hubspotProperty":"","options":[{"exportValue":"1","displayValue":"Annulled marriage"},{"exportValue":"2","displayValue":"Common-law"},{"exportValue":"3","displayValue":"Divorced"},{"exportValue":"4","displayValue":"Legally separated"},{"exportValue":"5","displayValue":"Married"},{"exportValue":"6","displayValue":"Single"},{"exportValue":"7","displayValue":"Widowed"}]},"168R":{"seccion":"IMM_5645[0].page1[0].SectionA[0].#subform[5]","hubspotProperty":""},"721R":{"seccion":"IMM_5645[0].page1[0].SectionA[0].#subform[5].SectionAsignature[0]","hubspotProperty":""},"722R":{"seccion":"IMM_5645[0].page1[0].SectionA[0].#subform[5].SectionAdate[0]","hubspotProperty":""},"148R":{"seccion":"IMM_5645[0].page1[0].SectionB[0]","hubspotProperty":""},"158R":{"seccion":"IMM_5645[0].page1[0].SectionB[0].Child[0]","hubspotProperty":""},"723R":{"seccion":"IMM_5645[0].page1[0].SectionB[0].Child[0].ChildName[0]","hubspotProperty":""},"724R":{"seccion":"IMM_5645[0].page1[0].SectionB[0].Child[0].ChildMStatus[0]","hubspotProperty":"","options":[{"exportValue":"1","displayValue":"Annulled marriage"},{"exportValue":"2","displayValue":"Common-law"},{"exportValue":"3","displayValue":"Divorced"},{"exportValue":"4","displayValue":"Legally separated"},{"exportValue":"5","displayValue":"Married"},{"exportValue":"6","displayValue":"Single"},{"exportValue":"7","displayValue":"Widowed"}]},"725R":{"seccion":"IMM_5645[0].page1[0].SectionB[0].Child[0].ChildRelationship[0]","hubspotProperty":""},"726R":{"seccion":"IMM_5645[0].page1[0].SectionB[0].Child[0].ChildDOB[0]","hubspotProperty":""},"727R":{"seccion":"IMM_5645[0].page1[0].SectionB[0].Child[0].ChildCOB[0]","hubspotProperty":""},"728R":{"seccion":"IMM_5645[0].page1[0].SectionB[0].Child[0].ChildAddress[0]","hubspotProperty":""},"729R":{"seccion":"IMM_5645[0].page1[0].SectionB[0].Child[0].ChildOccupation[0]","hubspotProperty":""},"730R":{"seccion":"IMM_5645[0].page1[0].SectionB[0].Child[0].ChildYes[0]","hubspotProperty":""},"731R":{"seccion":"IMM_5645[0].page1[0].SectionB[0].Child[0].ChildNo[0]","hubspotProperty":""},"159R":{"seccion":"IMM_5645[0].page1[0].SectionB[0].Child[1]","hubspotProperty":""},"732R":{"seccion":"IMM_5645[0].page1[0].SectionB[0].Child[1].ChildName[0]","hubspotProperty":""},"733R":{"seccion":"IMM_5645[0].page1[0].SectionB[0].Child[1].ChildMStatus[0]","hubspotProperty":"","options":[{"exportValue":"1","displayValue":"Annulled marriage"},{"exportValue":"2","displayValue":"Common-law"},{"exportValue":"3","displayValue":"Divorced"},{"exportValue":"4","displayValue":"Legally separated"},{"exportValue":"5","displayValue":"Married"},{"exportValue":"6","displayValue":"Single"},{"exportValue":"7","displayValue":"Widowed"}]},"734R":{"seccion":"IMM_5645[0].page1[0].SectionB[0].Child[1].ChildRelationship[0]","hubspotProperty":""},"735R":{"seccion":"IMM_5645[0].page1[0].SectionB[0].Child[1].ChildDOB[0]","hubspotProperty":""},"736R":{"seccion":"IMM_5645[0].page1[0].SectionB[0].Child[1].ChildCOB[0]","hubspotProperty":""},"737R":{"seccion":"IMM_5645[0].page1[0].SectionB[0].Child[1].ChildAddress[0]","hubspotProperty":""},"738R":{"seccion":"IMM_5645[0].page1[0].SectionB[0].Child[1].ChildOccupation[0]","hubspotProperty":""},"739R":{"seccion":"IMM_5645[0].page1[0].SectionB[0].Child[1].ChildYes[0]","hubspotProperty":""},"740R":{"seccion":"IMM_5645[0].page1[0].SectionB[0].Child[1].ChildNo[0]","hubspotProperty":""},"160R":{"seccion":"IMM_5645[0].page1[0].SectionB[0].Child[2]","hubspotProperty":""},"741R":{"seccion":"IMM_5645[0].page1[0].SectionB[0].Child[2].ChildName[0]","hubspotProperty":""},"742R":{"seccion":"IMM_5645[0].page1[0].SectionB[0].Child[2].ChildMStatus[0]","hubspotProperty":"","options":[{"exportValue":"1","displayValue":"Annulled marriage"},{"exportValue":"2","displayValue":"Common-law"},{"exportValue":"3","displayValue":"Divorced"},{"exportValue":"4","displayValue":"Legally separated"},{"exportValue":"5","displayValue":"Married"},{"exportValue":"6","displayValue":"Single"},{"exportValue":"7","displayValue":"Widowed"}]},"743R":{"seccion":"IMM_5645[0].page1[0].SectionB[0].Child[2].ChildRelationship[0]","hubspotProperty":""},"744R":{"seccion":"IMM_5645[0].page1[0].SectionB[0].Child[2].ChildDOB[0]","hubspotProperty":""},"745R":{"seccion":"IMM_5645[0].page1[0].SectionB[0].Child[2].ChildCOB[0]","hubspotProperty":""},"746R":{"seccion":"IMM_5645[0].page1[0].SectionB[0].Child[2].ChildAddress[0]","hubspotProperty":""},"747R":{"seccion":"IMM_5645[0].page1[0].SectionB[0].Child[2].ChildOccupation[0]","hubspotProperty":""},"748R":{"seccion":"IMM_5645[0].page1[0].SectionB[0].Child[2].ChildYes[0]","hubspotProperty":""},"749R":{"seccion":"IMM_5645[0].page1[0].SectionB[0].Child[2].ChildNo[0]","hubspotProperty":""},"161R":{"seccion":"IMM_5645[0].page1[0].SectionB[0].Child[3]","hubspotProperty":""},"750R":{"seccion":"IMM_5645[0].page1[0].SectionB[0].Child[3].ChildName[0]","hubspotProperty":""},"751R":{"seccion":"IMM_5645[0].page1[0].SectionB[0].Child[3].ChildMStatus[0]","hubspotProperty":"","options":[{"exportValue":"1","displayValue":"Annulled marriage"},{"exportValue":"2","displayValue":"Common-law"},{"exportValue":"3","displayValue":"Divorced"},{"exportValue":"4","displayValue":"Legally separated"},{"exportValue":"5","displayValue":"Married"},{"exportValue":"6","displayValue":"Single"},{"exportValue":"7","displayValue":"Widowed"}]},"752R":{"seccion":"IMM_5645[0].page1[0].SectionB[0].Child[3].ChildRelationship[0]","hubspotProperty":""},"753R":{"seccion":"IMM_5645[0].page1[0].SectionB[0].Child[3].ChildDOB[0]","hubspotProperty":""},"754R":{"seccion":"IMM_5645[0].page1[0].SectionB[0].Child[3].ChildCOB[0]","hubspotProperty":""},"755R":{"seccion":"IMM_5645[0].page1[0].SectionB[0].Child[3].ChildAddress[0]","hubspotProperty":""},"756R":{"seccion":"IMM_5645[0].page1[0].SectionB[0].Child[3].ChildOccupation[0]","hubspotProperty":""},"757R":{"seccion":"IMM_5645[0].page1[0].SectionB[0].Child[3].ChildYes[0]","hubspotProperty":""},"758R":{"seccion":"IMM_5645[0].page1[0].SectionB[0].Child[3].ChildNo[0]","hubspotProperty":""},"162R":{"seccion":"IMM_5645[0].page1[0].SectionB[0].#subform[5]","hubspotProperty":""},"163R":{"seccion":"IMM_5645[0].page1[0].SectionB[0].#subform[5].#subform[6]","hubspotProperty":""},"759R":{"seccion":"IMM_5645[0].page1[0].SectionB[0].#subform[5].#subform[6].SectionBsignature[0]","hubspotProperty":""},"760R":{"seccion":"IMM_5645[0].page1[0].SectionB[0].#subform[5].#subform[6].SectionBdate[0]","hubspotProperty":""},"149R":{"seccion":"IMM_5645[0].page1[0].SectionC[0]","hubspotProperty":""},"150R":{"seccion":"IMM_5645[0].page1[0].SectionC[0].Child[0]","hubspotProperty":""},"139R":{"seccion":"IMM_5645[0].page1[0].SectionC[0].Child[0].ChildName[0]","hubspotProperty":""},"138R":{"seccion":"IMM_5645[0].page1[0].SectionC[0].Child[0].ChildMStatus[0]","hubspotProperty":"","options":[{"exportValue":"1","displayValue":"Annulled marriage"},{"exportValue":"2","displayValue":"Common-law"},{"exportValue":"3","displayValue":"Divorced"},{"exportValue":"4","displayValue":"Legally separated"},{"exportValue":"5","displayValue":"Married"},{"exportValue":"6","displayValue":"Single"},{"exportValue":"7","displayValue":"Widowed"}]},"137R":{"seccion":"IMM_5645[0].page1[0].SectionC[0].Child[0].ChildRelationship[0]","hubspotProperty":""},"136R":{"seccion":"IMM_5645[0].page1[0].SectionC[0].Child[0].ChildDOB[0]","hubspotProperty":""},"135R":{"seccion":"IMM_5645[0].page1[0].SectionC[0].Child[0].ChildCOB[0]","hubspotProperty":""},"134R":{"seccion":"IMM_5645[0].page1[0].SectionC[0].Child[0].ChildAddress[0]","hubspotProperty":""},"133R":{"seccion":"IMM_5645[0].page1[0].SectionC[0].Child[0].ChildOccupation[0]","hubspotProperty":""},"132R":{"seccion":"IMM_5645[0].page1[0].SectionC[0].Child[0].ChildYes[0]","hubspotProperty":""},"131R":{"seccion":"IMM_5645[0].page1[0].SectionC[0].Child[0].ChildNo[0]","hubspotProperty":""},"151R":{"seccion":"IMM_5645[0].page1[0].SectionC[0].Child[1]","hubspotProperty":""},"130R":{"seccion":"IMM_5645[0].page1[0].SectionC[0].Child[1].ChildMStatus[0]","hubspotProperty":"","options":[{"exportValue":"1","displayValue":"Annulled marriage"},{"exportValue":"2","displayValue":"Common-law"},{"exportValue":"3","displayValue":"Divorced"},{"exportValue":"4","displayValue":"Legally separated"},{"exportValue":"5","displayValue":"Married"},{"exportValue":"6","displayValue":"Single"},{"exportValue":"7","displayValue":"Widowed"}]},"129R":{"seccion":"IMM_5645[0].page1[0].SectionC[0].Child[1].ChildRelationship[0]","hubspotProperty":""},"128R":{"seccion":"IMM_5645[0].page1[0].SectionC[0].Child[1].ChildDOB[0]","hubspotProperty":""},"127R":{"seccion":"IMM_5645[0].page1[0].SectionC[0].Child[1].ChildCOB[0]","hubspotProperty":""},"126R":{"seccion":"IMM_5645[0].page1[0].SectionC[0].Child[1].ChildAddress[0]","hubspotProperty":""},"125R":{"seccion":"IMM_5645[0].page1[0].SectionC[0].Child[1].ChildOccupation[0]","hubspotProperty":""},"124R":{"seccion":"IMM_5645[0].page1[0].SectionC[0].Child[1].ChildYes[0]","hubspotProperty":""},"123R":{"seccion":"IMM_5645[0].page1[0].SectionC[0].Child[1].ChildNo[0]","hubspotProperty":""},"122R":{"seccion":"IMM_5645[0].page1[0].SectionC[0].Child[1].ChildName[0]","hubspotProperty":""},"152R":{"seccion":"IMM_5645[0].page1[0].SectionC[0].Child[2]","hubspotProperty":""},"121R":{"seccion":"IMM_5645[0].page1[0].SectionC[0].Child[2].ChildName[0]","hubspotProperty":""},"120R":{"seccion":"IMM_5645[0].page1[0].SectionC[0].Child[2].ChildMStatus[0]","hubspotProperty":"","options":[{"exportValue":"1","displayValue":"Annulled marriage"},{"exportValue":"2","displayValue":"Common-law"},{"exportValue":"3","displayValue":"Divorced"},{"exportValue":"4","displayValue":"Legally separated"},{"exportValue":"5","displayValue":"Married"},{"exportValue":"6","displayValue":"Single"},{"exportValue":"7","displayValue":"Widowed"}]},"119R":{"seccion":"IMM_5645[0].page1[0].SectionC[0].Child[2].ChildRelationship[0]","hubspotProperty":""},"118R":{"seccion":"IMM_5645[0].page1[0].SectionC[0].Child[2].ChildDOB[0]","hubspotProperty":""},"117R":{"seccion":"IMM_5645[0].page1[0].SectionC[0].Child[2].ChildCOB[0]","hubspotProperty":""},"116R":{"seccion":"IMM_5645[0].page1[0].SectionC[0].Child[2].ChildAddress[0]","hubspotProperty":""},"115R":{"seccion":"IMM_5645[0].page1[0].SectionC[0].Child[2].ChildOccupation[0]","hubspotProperty":""},"114R":{"seccion":"IMM_5645[0].page1[0].SectionC[0].Child[2].ChildYes[0]","hubspotProperty":""},"113R":{"seccion":"IMM_5645[0].page1[0].SectionC[0].Child[2].ChildNo[0]","hubspotProperty":""},"153R":{"seccion":"IMM_5645[0].page1[0].SectionC[0].Child[3]","hubspotProperty":""},"112R":{"seccion":"IMM_5645[0].page1[0].SectionC[0].Child[3].ChildName[0]","hubspotProperty":""},"111R":{"seccion":"IMM_5645[0].page1[0].SectionC[0].Child[3].ChildMStatus[0]","hubspotProperty":"","options":[{"exportValue":"1","displayValue":"Annulled marriage"},{"exportValue":"2","displayValue":"Common-law"},{"exportValue":"3","displayValue":"Divorced"},{"exportValue":"4","displayValue":"Legally separated"},{"exportValue":"5","displayValue":"Married"},{"exportValue":"6","displayValue":"Single"},{"exportValue":"7","displayValue":"Widowed"}]},"110R":{"seccion":"IMM_5645[0].page1[0].SectionC[0].Child[3].ChildRelationship[0]","hubspotProperty":""},"109R":{"seccion":"IMM_5645[0].page1[0].SectionC[0].Child[3].ChildDOB[0]","hubspotProperty":""},"108R":{"seccion":"IMM_5645[0].page1[0].SectionC[0].Child[3].ChildCOB[0]","hubspotProperty":""},"107R":{"seccion":"IMM_5645[0].page1[0].SectionC[0].Child[3].ChildAddress[0]","hubspotProperty":""},"106R":{"seccion":"IMM_5645[0].page1[0].SectionC[0].Child[3].ChildOccupation[0]","hubspotProperty":""},"105R":{"seccion":"IMM_5645[0].page1[0].SectionC[0].Child[3].ChildYes[0]","hubspotProperty":""},"104R":{"seccion":"IMM_5645[0].page1[0].SectionC[0].Child[3].ChildNo[0]","hubspotProperty":""},"154R":{"seccion":"IMM_5645[0].page1[0].SectionC[0].Child[4]","hubspotProperty":""},"103R":{"seccion":"IMM_5645[0].page1[0].SectionC[0].Child[4].ChildName[0]","hubspotProperty":""},"102R":{"seccion":"IMM_5645[0].page1[0].SectionC[0].Child[4].ChildMStatus[0]","hubspotProperty":"","options":[{"exportValue":"1","displayValue":"Annulled marriage"},{"exportValue":"2","displayValue":"Common-law"},{"exportValue":"3","displayValue":"Divorced"},{"exportValue":"4","displayValue":"Legally separated"},{"exportValue":"5","displayValue":"Married"},{"exportValue":"6","displayValue":"Single"},{"exportValue":"7","displayValue":"Widowed"}]},"101R":{"seccion":"IMM_5645[0].page1[0].SectionC[0].Child[4].ChildRelationship[0]","hubspotProperty":""},"100R":{"seccion":"IMM_5645[0].page1[0].SectionC[0].Child[4].ChildDOB[0]","hubspotProperty":""},"99R":{"seccion":"IMM_5645[0].page1[0].SectionC[0].Child[4].ChildCOB[0]","hubspotProperty":""},"98R":{"seccion":"IMM_5645[0].page1[0].SectionC[0].Child[4].ChildAddress[0]","hubspotProperty":""},"97R":{"seccion":"IMM_5645[0].page1[0].SectionC[0].Child[4].ChildOccupation[0]","hubspotProperty":""},"96R":{"seccion":"IMM_5645[0].page1[0].SectionC[0].Child[4].ChildYes[0]","hubspotProperty":""},"95R":{"seccion":"IMM_5645[0].page1[0].SectionC[0].Child[4].ChildNo[0]","hubspotProperty":""},"155R":{"seccion":"IMM_5645[0].page1[0].SectionC[0].Child[5]","hubspotProperty":""},"94R":{"seccion":"IMM_5645[0].page1[0].SectionC[0].Child[5].ChildName[0]","hubspotProperty":""},"93R":{"seccion":"IMM_5645[0].page1[0].SectionC[0].Child[5].ChildMStatus[0]","hubspotProperty":"","options":[{"exportValue":"1","displayValue":"Annulled marriage"},{"exportValue":"2","displayValue":"Common-law"},{"exportValue":"3","displayValue":"Divorced"},{"exportValue":"4","displayValue":"Legally separated"},{"exportValue":"5","displayValue":"Married"},{"exportValue":"6","displayValue":"Single"},{"exportValue":"7","displayValue":"Widowed"}]},"92R":{"seccion":"IMM_5645[0].page1[0].SectionC[0].Child[5].ChildRelationship[0]","hubspotProperty":""},"91R":{"seccion":"IMM_5645[0].page1[0].SectionC[0].Child[5].ChildDOB[0]","hubspotProperty":""},"90R":{"seccion":"IMM_5645[0].page1[0].SectionC[0].Child[5].ChildCOB[0]","hubspotProperty":""},"89R":{"seccion":"IMM_5645[0].page1[0].SectionC[0].Child[5].ChildAddress[0]","hubspotProperty":""},"88R":{"seccion":"IMM_5645[0].page1[0].SectionC[0].Child[5].ChildOccupation[0]","hubspotProperty":""},"87R":{"seccion":"IMM_5645[0].page1[0].SectionC[0].Child[5].ChildYes[0]","hubspotProperty":""},"86R":{"seccion":"IMM_5645[0].page1[0].SectionC[0].Child[5].ChildNo[0]","hubspotProperty":""},"156R":{"seccion":"IMM_5645[0].page1[0].SectionC[0].Child[6]","hubspotProperty":""},"85R":{"seccion":"IMM_5645[0].page1[0].SectionC[0].Child[6].ChildName[0]","hubspotProperty":""},"84R":{"seccion":"IMM_5645[0].page1[0].SectionC[0].Child[6].ChildMStatus[0]","hubspotProperty":"","options":[{"exportValue":"1","displayValue":"Annulled marriage"},{"exportValue":"2","displayValue":"Common-law"},{"exportValue":"3","displayValue":"Divorced"},{"exportValue":"4","displayValue":"Legally separated"},{"exportValue":"5","displayValue":"Married"},{"exportValue":"6","displayValue":"Single"},{"exportValue":"7","displayValue":"Widowed"}]},"83R":{"seccion":"IMM_5645[0].page1[0].SectionC[0].Child[6].ChildRelationship[0]","hubspotProperty":""},"82R":{"seccion":"IMM_5645[0].page1[0].SectionC[0].Child[6].ChildDOB[0]","hubspotProperty":""},"81R":{"seccion":"IMM_5645[0].page1[0].SectionC[0].Child[6].ChildCOB[0]","hubspotProperty":""},"80R":{"seccion":"IMM_5645[0].page1[0].SectionC[0].Child[6].ChildAddress[0]","hubspotProperty":""},"79R":{"seccion":"IMM_5645[0].page1[0].SectionC[0].Child[6].ChildOccupation[0]","hubspotProperty":""},"78R":{"seccion":"IMM_5645[0].page1[0].SectionC[0].Child[6].ChildYes[0]","hubspotProperty":""},"77R":{"seccion":"IMM_5645[0].page1[0].SectionC[0].Child[6].ChildNo[0]","hubspotProperty":""},"157R":{"seccion":"IMM_5645[0].page1[0].SectionC[0].#subform[8]","hubspotProperty":""},"76R":{"seccion":"IMM_5645[0].page1[0].SectionC[0].#subform[8].SectionCsignature[0]","hubspotProperty":""},"75R":{"seccion":"IMM_5645[0].page1[0].SectionC[0].#subform[8].SectionCdate[0]","hubspotProperty":""}}