{"select":{"ServiceIn137652":{"seccion":"Question 2 I want service in [language]","hubspotProperty":"","options":["","English","French"]},"Sex137670":{"seccion":"Question 3 What is your sex?","hubspotProperty":"","options":["","F Female","M Male","U Unknown","X Another gender"]},"PlaceBirthCountry137677":{"seccion":"Question 5 B Place of Birth Country or Territory","hubspotProperty":"","options":["","Afghanistan","Aland Island","Albania","Algeria","Andorra","Angola","Anguilla","Antigua And Barbuda","Argentina","Armenia","Aruba","Australia","Austria","Azerbaijan","Bahamas","Bahrain","Bailwick of Jersey","Bangladesh","Barbados","Belarus","Belgium","Belize","Benin","Bermuda","Bhutan","Bolivia","Bonaire, Sint Eustatius, Saba","Bosnia and Herzegovina","Botswana","Bouvet Island","Brazil","British Indian Ocean Territory","British Virgin Islands","Brunei Darussalam","Bulgaria","Burkina Faso","Burma (Myanmar)","Burundi","Cabo Verde","Cambodia","Cameroon","Canada","Canary Islands","Cayman Islands","Central African Republic","Chad","Channel Islands","Chile","China","China (Hong Kong SAR)","China (Macao SAR)","Christmas Island","Colombia","Comoros","Cook Islands","Costa Rica","Croatia","Cuba","Curaçao","Cyprus","Czech Republic","Czechoslovakia","Democratic Rep. of Congo","Denmark","Djibouti","Dominica","Dominican Republic","East Timor","Ecuador","Egypt","El Salvador","England","Equatorial Guinea","Eritrea","Estonia","Ethiopia","Falkland Islands","Faroe Islands","Federated States of Micronesia","Fiji","Finland","Fr. South. and Antarctic Lands","France","French Guiana","French Polynesia","Gabon","Gambia","Georgia","Germany, Federal Republic Of","Ghana","Gibraltar","Greece","Greenland","Grenada","Guadeloupe","Guam","Guatemala","Guernsey","Guinea","Guinea-Bissau","Guyana","Haiti","Heard and MacDonald Islands","Honduras","Hong Kong","Hungary","Iceland","India","Indonesia","Iran","Iraq","Ireland","Isle of Man","Israel","Italy","Ivory Coast","Jamaica","Japan","Jordan","Kazakhstan","Kenya","Kiribati","Korea, North (DPRK)","Korea, South","Kosovo","Kuwait","Kyrgyzstan","Laos","Latvia","Lebanon","Lesotho","Liberia","Libya","Liechtenstein","Lithuania","Luxembourg","Macao","Macedonia","Madagascar","Madeira","Malawi","Malaysia","Maldives","Mali","Malta","Marshall Islands","Martinique","Mauritania","Mauritius","Mayotte","Mexico","Moldova","Monaco","Mongolia","Montenegro","Montserrat","Morocco","Mozambique","Namibia","Nauru","Nepal","Netherlands Antilles, The","Netherlands, The","Nevis","New Caledonia","New Zealand","Nicaragua","Niger","Nigeria","Niue","Northern Ireland","Northern Mariana Islands","Norway","Oman","Pakistan","Palestinian Authority","Panama","Papua New Guinea","Paraguay","Peru","Philippines","Pitcairn Islands","Poland","Portugal","Puerto Rico","Qatar","Republic of Congo","Republic of Palau","Réunion","Romania","Russia","Rwanda","Saint Helena","Saint Kitts and Nevis","Saint Lucia","Saint Pierre and Miquelon","Saint-Barthelemy","Saint-Martin","Samoa","Samoa, American","San Marino","Sao Tome and Principe","Saudi Arabia","Scotland","Senegal","Serbia And Montenegro","Serbia, Republic Of","Seychelles","Sierra Leone","Singapore","Sint-Maarten","Slovakia","Slovenia","Solomon Islands","Somalia","South Africa, Republic Of","South Sudan","Spain","Sri Lanka","St. Vincent and the Grenadines","Sudan","Suriname","Swaziland","Sweden","Switzerland","Syria","Taiwan","Tajikistan","Tanzania","Thailand","Tibet (Autonomous Region)","Togo","Tokelau","Tonga","Trinidad and Tobago","Tunisia","Turkey","Turkmenistan","Turks and Caicos Islands","Tuvalu","U.S. Minor outlying Islands","Uganda","Ukraine","Union Of Soviet Socialist Rep","United Arab Emirates","United States of America","Unknown","Uruguay","Uzbekistan","Vanuatu","Vatican City State","Venezuela","Vietnam","Virgin Islands, U.S.","Wales","Wallis and Futuna Is., Terr.","Western Sahara","Yemen","Yugoslavia","Zambia","Zimbabwe"]},"Citizenship137679":{"seccion":"Question 6 Citizenship","hubspotProperty":"","options":["","Afghanistan","Albania","Algeria","Andorra","Angola","Antigua And Barbuda","Argentina","Armenia","Australia","Austria","Azerbaijan","Bahamas","Bahrain","Bangladesh","Barbados","Belarus","Belgium","Belize","Benin","Bhutan","Bolivia","Bosnia and Herzegovina","Botswana","Brazil","Brunei Darussalam","Bulgaria","Burkina Faso","Burma (Myanmar)","Burundi","Cabo Verde","Cambodia","Cameroon","Canada","Central African Republic","Chad","Chile","China","China (Hong Kong SAR)","China (Macao SAR)","Colombia","Comoros","Costa Rica","Croatia","Cuba","Cyprus","Czech Republic","Democratic Rep. of Congo","Denmark","Djibouti","Dominica","Dominican Republic","East Timor","Ecuador","Egypt","El Salvador","Equatorial Guinea","Eritrea","Estonia","Ethiopia","Federated States of Micronesia","Fiji","Finland","France","Gabon","Gambia","Georgia","Germany, Federal Republic Of","Ghana","Greece","Grenada","Guatemala","Guinea","Guinea-Bissau","Guyana","Haiti","Honduras","Hungary","Iceland","India","Indonesia","Iran","Iraq","Ireland","Israel","Italy","Ivory Coast","Jamaica","Japan","Jordan","Kazakhstan","Kenya","Kiribati","Korea, North (DPRK)","Korea, South","Kosovo","Kuwait","Kyrgyzstan","Laos","Latvia","Lebanon","Lesotho","Liberia","Libya","Liechtenstein","Lithuania","Luxembourg","Macedonia","Madagascar","Malawi","Malaysia","Maldives","Mali","Malta","Marshall Islands","Mauritania","Mauritius","Mexico","Moldova","Monaco","Mongolia","Montenegro","Morocco","Mozambique","Namibia","Nauru","Nepal","Netherlands, The","New Caledonia","New Zealand","Nicaragua","Niger","Nigeria","Northern Mariana Islands","Norway","Oman","Pakistan","Palestinian Authority","Panama","Papua New Guinea","Paraguay","Peru","Philippines","Poland","Portugal","Qatar","Republic of Congo","Republic of Palau","Romania","Russia","Rwanda","Saint Kitts and Nevis","Saint Lucia","Samoa","San Marino","Sao Tome and Principe","Saudi Arabia","Senegal","Serbia, Republic Of","Seychelles","Sierra Leone","Singapore","Slovakia","Slovenia","Solomon Islands","Somalia","South Africa, Republic Of","South Sudan","Spain","Sri Lanka","St. Vincent and the Grenadines","Stateless","Sudan","Suriname","Swaziland","Sweden","Switzerland","Syria","Taiwan","Tajikistan","Tanzania","Thailand","Togo","Tonga","Trinidad and Tobago","Tunisia","Turkey","Turkmenistan","Tuvalu","Uganda","UK - Brit. Ntl. Overseas","UK - Brit. overseas citizen","UK - Brit. overseas terr.","UK - British citizen","Ukraine","United Arab Emirates","United States of America","Unknown","Uruguay","Uzbekistan","Vanuatu","Vatican City State","Venezuela","Vietnam","Western Sahara","Yemen","Zambia","Zimbabwe"]},"Country137684":{"seccion":"Question 7 A Your current country or territory of residence","hubspotProperty":"","options":["Canada"]},"Status137685":{"seccion":"Question 7 B Your immigration status in your current country of residence","hubspotProperty":"","options":["","Citizen","Permanent resident","Visitor","Worker","Student","Other","Protected Person","Refugee Claimant","Foreign National"]},"Country137701":{"seccion":"Question 8 B Row 1 Country or Territory.  If you replied Yes to question 8 A, please give your previous country or territory of residence.","hubspotProperty":"","options":["","Afghanistan","Albania","Algeria","Andorra","Angola","Anguilla","Antigua And Barbuda","Argentina","Armenia","Aruba","Australia","Austria","Azerbaijan","Azores","Bahamas","Bahrain","Bangladesh","Barbados","Belarus","Belgium","Belize","Benin","Bermuda","Bhutan","Bolivia","Bosnia and Herzegovina","Botswana","Brazil","British Virgin Islands","Brunei Darussalam","Bulgaria","Burkina Faso","Burma (Myanmar)","Burundi","Cabo Verde","Cambodia","Cameroon","Canada","Canary Islands","Cayman Islands","Central African Republic","Chad","Channel Islands","Chile","China","China (Hong Kong SAR)","China (Macao SAR)","Colombia","Comoros","Cook Islands","Costa Rica","Croatia","Cuba","Cyprus","Czech Republic","Democratic Rep. of Congo","Denmark","Djibouti","Dominica","Dominican Republic","East Timor","Ecuador","Egypt","El Salvador","England","Equatorial Guinea","Eritrea","Estonia","Ethiopia","Falkland Islands","Federated States of Micronesia","Fiji","Finland","Fr. South. and Antarctic Lands","France","French Guiana","French Polynesia","Gabon","Gambia","Georgia","Germany, Federal Republic Of","Ghana","Gibraltar","Greece","Greenland","Grenada","Guadeloupe","Guam","Guatemala","Guinea","Guinea-Bissau","Guyana","Haiti","Honduras","Hong Kong","Hungary","Iceland","India","Indonesia","Iran","Iraq","Ireland","Israel","Italy","Ivory Coast","Jamaica","Japan","Jordan","Kazakhstan","Kenya","Kiribati","Korea, North (DPRK)","Korea, South","Kosovo","Kuwait","Kyrgyzstan","Laos","Latvia","Lebanon","Lesotho","Liberia","Libya","Liechtenstein","Lithuania","Luxembourg","Macao","Macedonia","Madagascar","Madeira","Malawi","Malaysia","Maldives","Mali","Malta","Marshall Islands","Martinique","Mauritania","Mauritius","Mayotte","Mexico","Moldova","Monaco","Mongolia","Montenegro","Montserrat","Morocco","Mozambique","Namibia","Nauru","Nepal","Netherlands Antilles, The","Netherlands, The","Nevis","New Caledonia","New Zealand","Nicaragua","Niger","Nigeria","North Vietnam","Northern Ireland","Northern Mariana Islands","Norway","Oman","Pakistan","Palestinian Authority","Panama","Papua New Guinea","Paraguay","Peru","Philippines","Pitcairn Islands","Poland","Portugal","Puerto Rico","Qatar","Republic of Congo","Republic of Palau","Réunion","Romania","Russia","Rwanda","Saint Helena","Saint Kitts and Nevis","Saint Lucia","Saint Pierre and Miquelon","Saint-Martin","Samoa","Samoa, American","San Marino","Sao Tome and Principe","Saudi Arabia","Scotland","Senegal","Serbia, Republic Of","Seychelles","Sierra Leone","Singapore","Slovakia","Slovenia","Solomon Islands","Somalia","South Africa, Republic Of","South Sudan","Spain","Sri Lanka","St. Vincent and the Grenadines","Sudan","Suriname","Swaziland","Sweden","Switzerland","Syria","Taiwan","Tajikistan","Tanzania","Thailand","Togo","Tonga","Trinidad and Tobago","Tunisia","Turkey","Turkmenistan","Turks and Caicos Islands","Tuvalu","Uganda","Ukraine","United Arab Emirates","United States of America","Unknown","Uruguay","Uzbekistan","Vanuatu","Vatican City State","Venezuela","Vietnam","Virgin Islands, U.S.","Wales","Wallis and Futuna Is., Terr.","Western Sahara","Yemen","Zambia","Zimbabwe"]},"Status137702":{"seccion":"Question 8 B Row 1 Status.  Your immigration status in your previous country of residence","hubspotProperty":"","options":["","Citizen","Permanent resident","Visitor","Worker","Student","Other","Protected Person","Refugee Claimant","Foreign National"]},"Country137707":{"seccion":"Question 8 B Row 2 Country or Territory.  If you have more than one previous country or territory of residence, please give your other previous country or territory of residence.","hubspotProperty":"","options":["","Afghanistan","Albania","Algeria","Andorra","Angola","Anguilla","Antigua And Barbuda","Argentina","Armenia","Aruba","Australia","Austria","Azerbaijan","Azores","Bahamas","Bahrain","Bangladesh","Barbados","Belarus","Belgium","Belize","Benin","Bermuda","Bhutan","Bolivia","Bosnia and Herzegovina","Botswana","Brazil","British Virgin Islands","Brunei Darussalam","Bulgaria","Burkina Faso","Burma (Myanmar)","Burundi","Cabo Verde","Cambodia","Cameroon","Canada","Canary Islands","Cayman Islands","Central African Republic","Chad","Channel Islands","Chile","China","China (Hong Kong SAR)","China (Macao SAR)","Colombia","Comoros","Cook Islands","Costa Rica","Croatia","Cuba","Cyprus","Czech Republic","Democratic Rep. of Congo","Denmark","Djibouti","Dominica","Dominican Republic","East Timor","Ecuador","Egypt","El Salvador","England","Equatorial Guinea","Eritrea","Estonia","Ethiopia","Falkland Islands","Federated States of Micronesia","Fiji","Finland","Fr. South. and Antarctic Lands","France","French Guiana","French Polynesia","Gabon","Gambia","Georgia","Germany, Federal Republic Of","Ghana","Gibraltar","Greece","Greenland","Grenada","Guadeloupe","Guam","Guatemala","Guinea","Guinea-Bissau","Guyana","Haiti","Honduras","Hong Kong","Hungary","Iceland","India","Indonesia","Iran","Iraq","Ireland","Israel","Italy","Ivory Coast","Jamaica","Japan","Jordan","Kazakhstan","Kenya","Kiribati","Korea, North (DPRK)","Korea, South","Kosovo","Kuwait","Kyrgyzstan","Laos","Latvia","Lebanon","Lesotho","Liberia","Libya","Liechtenstein","Lithuania","Luxembourg","Macao","Macedonia","Madagascar","Madeira","Malawi","Malaysia","Maldives","Mali","Malta","Marshall Islands","Martinique","Mauritania","Mauritius","Mayotte","Mexico","Moldova","Monaco","Mongolia","Montenegro","Montserrat","Morocco","Mozambique","Namibia","Nauru","Nepal","Netherlands Antilles, The","Netherlands, The","Nevis","New Caledonia","New Zealand","Nicaragua","Niger","Nigeria","North Vietnam","Northern Ireland","Northern Mariana Islands","Norway","Oman","Pakistan","Palestinian Authority","Panama","Papua New Guinea","Paraguay","Peru","Philippines","Pitcairn Islands","Poland","Portugal","Puerto Rico","Qatar","Republic of Congo","Republic of Palau","Réunion","Romania","Russia","Rwanda","Saint Helena","Saint Kitts and Nevis","Saint Lucia","Saint Pierre and Miquelon","Saint-Martin","Samoa","Samoa, American","San Marino","Sao Tome and Principe","Saudi Arabia","Scotland","Senegal","Serbia, Republic Of","Seychelles","Sierra Leone","Singapore","Slovakia","Slovenia","Solomon Islands","Somalia","South Africa, Republic Of","South Sudan","Spain","Sri Lanka","St. Vincent and the Grenadines","Sudan","Suriname","Swaziland","Sweden","Switzerland","Syria","Taiwan","Tajikistan","Tanzania","Thailand","Togo","Tonga","Trinidad and Tobago","Tunisia","Turkey","Turkmenistan","Turks and Caicos Islands","Tuvalu","Uganda","Ukraine","United Arab Emirates","United States of America","Unknown","Uruguay","Uzbekistan","Vanuatu","Vatican City State","Venezuela","Vietnam","Virgin Islands, U.S.","Wales","Wallis and Futuna Is., Terr.","Western Sahara","Yemen","Zambia","Zimbabwe"]},"Status137708":{"seccion":"Question 8 B Row 2 Status.  Your immigration status in your previous country of residence","hubspotProperty":"","options":["","Citizen","Permanent resident","Visitor","Worker","Student","Other","Protected Person","Refugee Claimant","Foreign National"]},"MaritalStatus137728":{"seccion":"Question 9 A.  Your current marital status","hubspotProperty":"","options":["","Annulled Marriage","Common-Law","Divorced","Legally Separated","Married","Single","Unknown","Widowed"]},"TypeOfRelationship137751":{"seccion":"Question 10 C Type of Relationship.  If you replied Yes to question 10 A, please indicate if your status was married or common-law.","hubspotProperty":"","options":["","Common-Law","Married"]},"nativeLang137768":{"seccion":"Languages Section Question 1 A : Native language/Mother Tongue. Please provide your native language/mother tongue.","hubspotProperty":"","options":["","Ada","Adama","Afar","Afghan","Afrikaans","Agbor","Aka","Akan","Akim","Aklanon","Akra","Akwapim","Albanian","Albanian, Greece","Albanian, Italy","American Sign Lang.","Amharic","Arabic","Arabic Standard","Arabic, Algeria","Arabic, Chad","Arabic, Egypt","Arabic, Irak","Arabic, Lebanon, Levantine","Arabic, Libya","Arabic, Morocco","Arabic, Sudan","Arabic, Syria","Arabic, Tunisia","Arabic, Yemen, Judeo-Yemeni","Aranese","Armenian","Armenian, West","Armenian, Western","Ashanti","Assyrian","Atwot","Azerbaijani, North","Azerbaijani, South","Azeri","Bajuni","Balochi East Pak","Balochi South Pak","Balochi West Pak","Baluchi","Bambara","Bamileke","Bantu","Baoule","Barawa","Barbawa","Bassa","Belarusian","Belen","Bemba","Bengali","Bengali Sylhetti","Beni","Benin","Berber","Bikol","Bini","Bissa","Boguni","Bontok","Bosnian","Brava","Breton","British Sign Language","Brong","Buganda","Bulgarian","Burmese","Busan","Cambodian","Cantonese","Capizeno","Catalan","Cebuano","Chadian Sign Language","Chakma","Chaldean","Changle","Chaocho","Chavacano","Chechen","Chichewa","Chinese","Chinese, Min Nan","Chinese, Yue","Chinese, Yuh","Chowchau","Chung Shan","Comorian","Concani","Creole","Creole, Haiti","Croatian","Czech","Dangbe","Danish","Dari","Dari, Peve","Dari/Farsi, Eastern","Deaf-mute","Dendi","Dhopadhola","Diakanke","Dinka, Northeastern","Dinka, Northwestern","Dinka, South Central","Dinka, Southern","Dinka, Southwestern, Twi, Tuic","Dioula","Divehi","Divehi, Maldivian","Dogri","Dutch","Eastern Armenian","Edo","Edo, Kailo, Ledo","Efik","English","Enping","Eritrean","Esan","Estonian","Ewe","Facilitator/Articulator","Fang","Fanti","Farsi","Farsi, Western","Fiji","Findhi","Finnish","Flemish","Fon","Foochow","Foullah","Frafra","Frafra, Gurenne","French","Fujian","Fukien","Fulani","Fuqing","Futa","Ga","Ga, Adangme-Krobo","Gaelic","Georgian","German","Gio","Gio, Gio-Dan","Greek","Guerze","Gujarati","Gurage","Gurage, East","Gurage, North","Gurage, West","Guyanese","Guyroti","Gypsy","Hadiyya","Hainanese","Hakka","Harara","Harary","Hargar","Hasanya","Hausa","Hebrew","Hebrew, Yemen","Henan/Jinyu","Hiligaynon","Hindi","Hindi Dogri","Hindi, Fijian","Hindi, Hin, Nyaheun","Hindko","Hindko, Northern","Hindko, Southern","Hindu, Hindi, Caribbean","Hokkien","Hubei","Huizhou/Yanzhou","Hunan/Xiang","Hungarian","Ibibio","Icelandic","Igbo","Igorot","Iiongo","Ika","Ilican","Ilocano","Indonesian","Interp. Not Required","Ishen","Isoko","Italian","Itshekiri","Izi","Jadgali, Pakistan","Jamaican","Japanese","Javanese","Jianxi","Jolay","Kabyle","Kacchi","Kaiping","Kakwa","Kandahari","Kangri, India","Kangri, Kanjari","Kankani","Kannada","Kaonde, Dari","Kashmiri","Kazakh","Kepelle","Khmer","Kiboma","Kihavu","Kikongo","Kikuyu","Kikuyu, Gikuyu","Kinaraya","Kinyarwanda","Kinyarwanda, Rwanda","Kirundi","Kirundi, Rundi","Kiswahili","Konkani","Korean","Krio","Krobo","Kru, Klao","Kru, Krumen, Tepo","Kurdish","Kurdish Bandinani, Behdini","Kurdish-Central, Kurdi, Sorani","Kurdish-Northern, Kurmanji,","Kwale, Nigeria","Kwale, Papua","Laotian","Lateh","Latvian","Lebanese","Lengie","Limba","Lingala","Linyawanda","Lithuanian","Lowma","Luba-Kasai","Luganda","Lugisu","Luo","Lutoro","Macedonian","Macena","Maghreb","Mahou","Makonde","Makua","Malagasy","Malay","Malayalam","Malgache, Malagasy","Maligo","Malinke, Jula","Maltese","Mandarin","Mandiga, Mandinga","Mandingo","Mandingo, Maninka","Mandingo, Manya","Maninka","Mano","Marakha","Marathi","Masaba","Mashi","Maymay, Somalia","Mende","Meru","Mina","Mina, Gen-Gbe","Mirpuri","Mizo","Moldovan","Moldovan, Romanian","Mongolian","Mongolian, Halh","Moor, Bimoba","Moore","Moore, Burkina","Moore, Waropen","Morisyen","Nahuatl, Classical","Navajo","Ndebele","Ndebele, South Africa","Ndebele, Zimbabwe","Ndjamena","Nepali","Nigerian, Pidgin","Nigerien","Nobiin","Norwegian","Nuer","Nyanja","Nzema","Okpe","Ora","Oriya","Oromo","Oromo, Borana-Arsi-Gujii","Oromo, Qotu","Oromo, Qotu, West Central","Osal","Other","Ouighour","Pahari","Pampango","Pangasinan","Pashto","Pashto, Central","Pashto, Southern","Persian","Peul","Peul, Benin-Togo","Peul, Bororro","Peul, Fulfulde, Adamawa","Peul, Fulfulde, Jelgoore","Phuockien","Pidgin","Pidgin English","Piugon","Polish","Portuguese","Portuguese, Angola","Portuguese, Brazil","Portuguese, Guinea-Bissau","Poular","Punjabi","Pushta","Pushta, Pushto","Pu-Xian","Quechua","Rindre","Rohingya","Romani, Campathian","Romani, Carpathian","Romani, Cigaly","Romani, Cigany","Romani, Vlach","Romani, Vlach, Gypsy","Romanian","Ronga","Rukiga","Runyankole","Russian","Samoan","Samoli","Sango","Santi","Sarahuley","Saraiki","Scoula","Sechuan","Sefwi","Serbian","Serbo-Croatian","Sesotho","Seswi","Setswana","Seychelles","Seychelles,Creole Fre.,Seselwa","Shai","Shan","Shan Dong","Shan Tao","Shanghainese","Shansai","Shanxi","Shona","Sichuan/Szechuan","Sign Language French","Sindhi","Sinhala","Siyap","Slovak","Slovenian","Somali","Somba","Soninke","Soninke, Marakha","Sotho","Sotho, Northern","Sotho, Southern","Spanish","Suesue","Sukuma","Susu","Swahili","Swahili/Congo","Swahili/Kenya","Swati","Swatow","Swedish","Tagalog","Taichew","Taishanese","Taiwanese","Tajiki","Tamil","Tari","Tatar","Tatshanese","Telugu","Temne","Teochew","Thai","Tibetan","Tichiew","Tigre","Tigrea, Tigre","Tigrinya","Timini","Tiv","Tooro","Tshiluba","Turkish","Turkmen","Turkoman","Twi","Uhrobo","Uigrigma","Ukrainian","Ukwuani, Ukwuani-Aboh","Umbundu","Unama","Urdu","Uzbek","Vietnamese","Visayan","Waray-Waray","Welsh","Wenzhou","Wolof","Xangawe","Xhosa","Xin Hui","Xitswa","Xitswa, Twsa","Yacooba","Yao","Yemenite","Yiboe","Yiddish","Yinping","Yoruba","Yue Yang","Yugoslavian","Zaza","Zaza, Kirmanjki","Zshiluba","Zuganda","Zulu"]},"communicateLang137769":{"seccion":"Languages Section Question 1 B : Are you able to communicate in English and/or French?","hubspotProperty":"","options":["","English","French","Both","Neither"]},"FreqLang137770":{"seccion":"Languages Section Question 1 C :  In which language are you most at ease?","hubspotProperty":"","options":["","English","French"]},"CountryofIssue137774":{"seccion":"Question 2. The country or territory that issued your passport","hubspotProperty":"","options":["","AFG (Afghanistan)","AGO (Angola)","ALB (Albania)","AND (Andorra)","ANG (Anguilla)","ARE (United Arab Emirates)","ARG (Argentina)","ARM (Armenia)","ATG (Antigua And Barbuda)","AUS (Australia)","AUT (Austria)","AZE (Azerbaijan)","BDI (Burundi)","BEL (Belgium)","BEN (Benin)","BFA (Burkina Faso)","BGD (Bangladesh)","BGR (Bulgaria)","BHR (Bahrain)","BHS (Bahamas)","BIH (Bosnia and Herzegovina)","BLR (Belarus)","BLZ (Belize)","BMU (Bermuda)","BOL (Bolivia)","BRA (Brazil)","BRB (Barbados)","BRN (Brunei Darussalam)","BTN (Bhutan)","BWA (Botswana)","CAF (Central African Republic)","CAN (Canada)","CHE (Switzerland)","CHL (Chile)","CHN (China (Hong Kong SAR))","CHN (China (Macao SAR))","CHN (China)","CIV (Ivory Coast)","CMR (Cameroon)","COD (Democratic Rep. of Congo)","COG (Republic of Congo)","COL (Colombia)","COM (Comoros)","CPV (Cabo Verde)","CRI (Costa Rica)","CUB (Cuba)","CYM (Cayman Islands)","CYP (Cyprus)","CZE (Czech Republic)","D (Germany, Federal Republic Of)","DJI (Djibouti)","DMA (Dominica)","DNK (Denmark)","DOM (Dominican Republic)","DZA (Algeria)","ECU (Ecuador)","EGY (Egypt)","ERI (Eritrea)","ESP (Spain)","EST (Estonia)","ETH (Ethiopia)","FIN (Finland)","FJI (Fiji)","FRA (France)","FSM (Federated States of Micronesia)","GAB (Gabon)","GBD (UK - Brit. overseas terr.)","GBN (UK - Brit. Ntl. Overseas)","GBO (UK - Brit. overseas citizen)","GBP (UK - Brit. protected person)","GBR (UK - British citizen)","GBS (UK - British subject)","GEO (Georgia)","GHA (Ghana)","GIN (Guinea)","GMB (Gambia)","GNB (Guinea-Bissau)","GNQ (Equatorial Guinea)","GRC (Greece)","GRD (Grenada)","GTM (Guatemala)","GUY (Guyana)","HND (Honduras)","HRV (Croatia)","HTI (Haiti)","HUN (Hungary)","IDN (Indonesia)","IND (India)","IRL (Ireland)","IRN (Iran)","IRQ (Iraq)","ISL (Iceland)","ISR (Israel)","ITA (Italy)","JAM (Jamaica)","JOR (Jordan)","JPN (Japan)","KAZ (Kazakhstan)","KEN (Kenya)","KGZ (Kyrgyzstan)","KHM (Cambodia)","KIR (Kiribati)","KNA (Saint Kitts and Nevis)","KOR (Korea, South)","KWT (Kuwait)","LAO (Laos)","LBN (Lebanon)","LBR (Liberia)","LBY (Libya)","LCA (Saint Lucia)","LIE (Liechtenstein)","LKA (Sri Lanka)","LSO (Lesotho)","LTU (Lithuania)","LUX (Luxembourg)","LVA (Latvia)","MAR (Morocco)","MCO (Monaco)","MDA (Moldova)","MDG (Madagascar)","MDV (Maldives)","MEX (Mexico)","MHL (Marshall Islands)","MKD (Macedonia)","MLI (Mali)","MLT (Malta)","MMR (Burma (Myanmar))","MNE (Montenegro)","MNG (Mongolia)","MOZ (Mozambique)","MRT (Mauritania)","MSR (Montserrat)","MUS (Mauritius)","MWI (Malawi)","MYS (Malaysia)","NAM (Namibia)","NER (Niger)","NGA (Nigeria)","NIC (Nicaragua)","NLD (Netherlands, The)","NOR (Norway)","NPL (Nepal)","NRU (Nauru)","NZL (New Zealand)","OMN (Oman)","PAK (Pakistan)","PAN (Panama)","PER (Peru)","PHL (Philippines)","PLW (Republic of Palau)","PNG (Papua New Guinea)","POL (Poland)","PRK (Korea, North (DPRK))","PRT (Portugal)","PRY (Paraguay)","PSE (Palestinian Authority)","QAT (Qatar)","RKS (Kosovo)","ROU (Romania)","RUS (Russia)","RWA (Rwanda)","SAU (Saudi Arabia)","SDN (Sudan)","SEN (Senegal)","SGP (Singapore)","SHN (Saint Helena)","SLB (Solomon Islands)","SLE (Sierra Leone)","SLV (El Salvador)","SMR (San Marino)","SOM (Somalia)","SRB (Serbia, Republic Of)","SSD (South Sudan)","STP (Sao Tome and Principe)","SUR (Suriname)","SVK (Slovakia)","SVN (Slovenia)","SWE (Sweden)","SWZ (Swaziland)","SYC (Seychelles)","SYR (Syria)","TCA (Turks and Caicos Islands)","TCD (Chad)","TGO (Togo)","THA (Thailand)","TJK (Tajikistan)","TKM (Turkmenistan)","TLS (East Timor)","TON (Tonga)","TTO (Trinidad and Tobago)","TUN (Tunisia)","TUR (Turkey)","TUV (Tuvalu)","TWN (Taiwan)","TZA (Tanzania)","UGA (Uganda)","UKR (Ukraine)","UNA (UN specialized agency)","UNO (UN or official)","URY (Uruguay)","USA (United States of America)","UZB (Uzbekistan)","VAT (Vatican City State)","VCT (St. Vincent and the Grenadines)","VEN (Venezuela)","VGB (British Virgin Islands)","VNM (Vietnam)","VUT (Vanuatu)","WSM (Samoa)","YEM (Yemen)","ZAF (South Africa, Republic Of)","ZMB (Zambia)","ZWE (Zimbabwe)"]},"CountryofIssue137795":{"seccion":"Question 3.  The country or territory that issued your National Identity document","hubspotProperty":"","options":["","AFG (Afghanistan)","AGO (Angola)","ALB (Albania)","AND (Andorra)","ANG (Anguilla)","ARE (United Arab Emirates)","ARG (Argentina)","ARM (Armenia)","ATG (Antigua And Barbuda)","AUS (Australia)","AUT (Austria)","AZE (Azerbaijan)","BDI (Burundi)","BEL (Belgium)","BEN (Benin)","BFA (Burkina Faso)","BGD (Bangladesh)","BGR (Bulgaria)","BHR (Bahrain)","BHS (Bahamas)","BIH (Bosnia and Herzegovina)","BLR (Belarus)","BLZ (Belize)","BMU (Bermuda)","BOL (Bolivia)","BRA (Brazil)","BRB (Barbados)","BRN (Brunei Darussalam)","BTN (Bhutan)","BWA (Botswana)","CAF (Central African Republic)","CAN (Canada)","CHE (Switzerland)","CHL (Chile)","CHN (China (Hong Kong SAR))","CHN (China (Macao SAR))","CHN (China)","CIV (Ivory Coast)","CMR (Cameroon)","COD (Democratic Rep. of Congo)","COG (Republic of Congo)","COL (Colombia)","COM (Comoros)","CPV (Cabo Verde)","CRI (Costa Rica)","CUB (Cuba)","CYM (Cayman Islands)","CYP (Cyprus)","CZE (Czech Republic)","D (Germany, Federal Republic Of)","DJI (Djibouti)","DMA (Dominica)","DNK (Denmark)","DOM (Dominican Republic)","DZA (Algeria)","ECU (Ecuador)","EGY (Egypt)","ERI (Eritrea)","ESP (Spain)","EST (Estonia)","ETH (Ethiopia)","FIN (Finland)","FJI (Fiji)","FRA (France)","FSM (Federated States of Micronesia)","GAB (Gabon)","GBD (UK - Brit. overseas terr.)","GBN (UK - Brit. Ntl. Overseas)","GBO (UK - Brit. overseas citizen)","GBP (UK - Brit. protected person)","GBR (UK - British citizen)","GBS (UK - British subject)","GEO (Georgia)","GHA (Ghana)","GIN (Guinea)","GMB (Gambia)","GNB (Guinea-Bissau)","GNQ (Equatorial Guinea)","GRC (Greece)","GRD (Grenada)","GTM (Guatemala)","GUY (Guyana)","HND (Honduras)","HRV (Croatia)","HTI (Haiti)","HUN (Hungary)","IDN (Indonesia)","IND (India)","IRL (Ireland)","IRN (Iran)","IRQ (Iraq)","ISL (Iceland)","ISR (Israel)","ITA (Italy)","JAM (Jamaica)","JOR (Jordan)","JPN (Japan)","KAZ (Kazakhstan)","KEN (Kenya)","KGZ (Kyrgyzstan)","KHM (Cambodia)","KIR (Kiribati)","KNA (Saint Kitts and Nevis)","KOR (Korea, South)","KWT (Kuwait)","LAO (Laos)","LBN (Lebanon)","LBR (Liberia)","LBY (Libya)","LCA (Saint Lucia)","LIE (Liechtenstein)","LKA (Sri Lanka)","LSO (Lesotho)","LTU (Lithuania)","LUX (Luxembourg)","LVA (Latvia)","MAR (Morocco)","MCO (Monaco)","MDA (Moldova)","MDG (Madagascar)","MDV (Maldives)","MEX (Mexico)","MHL (Marshall Islands)","MKD (Macedonia)","MLI (Mali)","MLT (Malta)","MMR (Burma (Myanmar))","MNE (Montenegro)","MNG (Mongolia)","MOZ (Mozambique)","MRT (Mauritania)","MSR (Montserrat)","MUS (Mauritius)","MWI (Malawi)","MYS (Malaysia)","NAM (Namibia)","NER (Niger)","NGA (Nigeria)","NIC (Nicaragua)","NLD (Netherlands, The)","NOR (Norway)","NPL (Nepal)","NRU (Nauru)","NZL (New Zealand)","OMN (Oman)","PAK (Pakistan)","PAN (Panama)","PER (Peru)","PHL (Philippines)","PLW (Republic of Palau)","PNG (Papua New Guinea)","POL (Poland)","PRK (Korea, North (DPRK))","PRT (Portugal)","PRY (Paraguay)","PSE (Palestinian Authority)","QAT (Qatar)","RKS (Kosovo)","ROU (Romania)","RUS (Russia)","RWA (Rwanda)","SAU (Saudi Arabia)","SDN (Sudan)","SEN (Senegal)","SGP (Singapore)","SHN (Saint Helena)","SLB (Solomon Islands)","SLE (Sierra Leone)","SLV (El Salvador)","SMR (San Marino)","SOM (Somalia)","SRB (Serbia, Republic Of)","SSD (South Sudan)","STP (Sao Tome and Principe)","SUR (Suriname)","SVK (Slovakia)","SVN (Slovenia)","SWE (Sweden)","SWZ (Swaziland)","SYC (Seychelles)","SYR (Syria)","TCA (Turks and Caicos Islands)","TCD (Chad)","TGO (Togo)","THA (Thailand)","TJK (Tajikistan)","TKM (Turkmenistan)","TLS (East Timor)","TON (Tonga)","TTO (Trinidad and Tobago)","TUN (Tunisia)","TUR (Turkey)","TUV (Tuvalu)","TWN (Taiwan)","TZA (Tanzania)","UGA (Uganda)","UKR (Ukraine)","UNA (UN specialized agency)","UNO (UN or official)","URY (Uruguay)","USA (United States of America)","UZB (Uzbekistan)","VAT (Vatican City State)","VCT (St. Vincent and the Grenadines)","VEN (Venezuela)","VGB (British Virgin Islands)","VNM (Vietnam)","VUT (Vanuatu)","WSM (Samoa)","YEM (Yemen)","ZAF (South Africa, Republic Of)","ZMB (Zambia)","ZWE (Zimbabwe)"]},"Country137817":{"seccion":"Question 1 Current mailing address country or territory","hubspotProperty":"","options":["Canada"]},"Prov137818":{"seccion":"Question 1 Current mailing address province or state only if the country is Canada or the United States","hubspotProperty":"","options":["","AB","BC","MB","NB","NL","NS","NT","NU","ON","PE","QC","SK","YT"]},"Country137830":{"seccion":"Question 2 Residential address country or Territory","hubspotProperty":"","options":["Canada"]},"Prov137831":{"seccion":"Question 2 Residential address province or state only if country is Canada or the United States","hubspotProperty":"","options":["","AB","BC","MB","NB","NL","NS","NT","NU","ON","PE","QC","SK","YT"]},"Type137840":{"seccion":"Question 3 Type of telephone","hubspotProperty":"","options":["","Residence","Cellular","Business"]},"Type137854":{"seccion":"Question 4 Alternate Telephone Type","hubspotProperty":"","options":["","Residence","Cellular","Business"]},"PurposeOfVisit137885":{"seccion":"Question 2 A.  Original purpose for coming to Canada","hubspotProperty":"","options":["","Business","Tourism","Study","Work","Other","Family Visit"]},"Purpose137894":{"seccion":"Details of Visit to Canada Section Question 1 A Purpose of my visit","hubspotProperty":"","options":["","Business","Tourism","Short-Term Studies","Returning Student","Returning Worker","Super Visa: For Parents or Grandparents","Other","Family Visit","Visit"]},"ExpPaidBy137901":{"seccion":"Question 3 B Your expenses will be paid by","hubspotProperty":"","options":["","Myself","Parents","Other"]},"Country137926":{"seccion":"Question 1 Country or Territory","hubspotProperty":"","options":["","Afghanistan","Aland Island","Albania","Algeria","Andorra","Angola","Anguilla","Antigua And Barbuda","Argentina","Armenia","Aruba","Australia","Austria","Azerbaijan","Bahamas","Bahrain","Bailwick of Jersey","Bangladesh","Barbados","Belarus","Belgium","Belize","Benin","Bermuda","Bhutan","Bolivia","Bonaire, Sint Eustatius, Saba","Bosnia and Herzegovina","Botswana","Bouvet Island","Brazil","British Indian Ocean Territory","British Virgin Islands","Brunei Darussalam","Bulgaria","Burkina Faso","Burma (Myanmar)","Burundi","Cabo Verde","Cambodia","Cameroon","Canada","Canary Islands","Cayman Islands","Central African Republic","Chad","Channel Islands","Chile","China","China (Hong Kong SAR)","China (Macao SAR)","Christmas Island","Colombia","Comoros","Cook Islands","Costa Rica","Croatia","Cuba","Curaçao","Cyprus","Czech Republic","Czechoslovakia","Democratic Rep. of Congo","Denmark","Djibouti","Dominica","Dominican Republic","East Timor","Ecuador","Egypt","El Salvador","England","Equatorial Guinea","Eritrea","Estonia","Ethiopia","Falkland Islands","Faroe Islands","Federated States of Micronesia","Fiji","Finland","Fr. South. and Antarctic Lands","France","French Guiana","French Polynesia","Gabon","Gambia","Georgia","Germany, Federal Republic Of","Ghana","Gibraltar","Greece","Greenland","Grenada","Guadeloupe","Guam","Guatemala","Guernsey","Guinea","Guinea-Bissau","Guyana","Haiti","Heard and MacDonald Islands","Honduras","Hong Kong","Hungary","Iceland","India","Indonesia","Iran","Iraq","Ireland","Isle of Man","Israel","Italy","Ivory Coast","Jamaica","Japan","Jordan","Kazakhstan","Kenya","Kiribati","Korea, North (DPRK)","Korea, South","Kosovo","Kuwait","Kyrgyzstan","Laos","Latvia","Lebanon","Lesotho","Liberia","Libya","Liechtenstein","Lithuania","Luxembourg","Macao","Macedonia","Madagascar","Madeira","Malawi","Malaysia","Maldives","Mali","Malta","Marshall Islands","Martinique","Mauritania","Mauritius","Mayotte","Mexico","Moldova","Monaco","Mongolia","Montenegro","Montserrat","Morocco","Mozambique","Namibia","Nauru","Nepal","Netherlands Antilles, The","Netherlands, The","Nevis","New Caledonia","New Zealand","Nicaragua","Niger","Nigeria","Niue","Northern Ireland","Northern Mariana Islands","Norway","Oman","Pakistan","Palestinian Authority","Panama","Papua New Guinea","Paraguay","Peru","Philippines","Pitcairn Islands","Poland","Portugal","Puerto Rico","Qatar","Republic of Congo","Republic of Palau","Réunion","Romania","Russia","Rwanda","Saint Helena","Saint Kitts and Nevis","Saint Lucia","Saint Pierre and Miquelon","Saint-Barthelemy","Saint-Martin","Samoa","Samoa, American","San Marino","Sao Tome and Principe","Saudi Arabia","Scotland","Senegal","Serbia And Montenegro","Serbia, Republic Of","Seychelles","Sierra Leone","Singapore","Sint-Maarten","Slovakia","Slovenia","Solomon Islands","Somalia","South Africa, Republic Of","South Sudan","Spain","Sri Lanka","St. Vincent and the Grenadines","Sudan","Suriname","Swaziland","Sweden","Switzerland","Syria","Taiwan","Tajikistan","Tanzania","Thailand","Tibet (Autonomous Region)","Togo","Tokelau","Tonga","Trinidad and Tobago","Tunisia","Turkey","Turkmenistan","Turks and Caicos Islands","Tuvalu","U.S. Minor outlying Islands","Uganda","Ukraine","Union Of Soviet Socialist Rep","United Arab Emirates","United States of America","Unknown","Uruguay","Uzbekistan","Vanuatu","Vatican City State","Venezuela","Vietnam","Virgin Islands, U.S.","Wales","Wallis and Futuna Is., Terr.","Western Sahara","Yemen","Yugoslavia","Zambia","Zimbabwe"]},"Prov137927":{"seccion":"Question 1 Province or State. Please give the Province or State if the Country is Canada or United States.","hubspotProperty":"","options":["","AB","BC","MB","NB","NL","NS","NT","NU","ON","PE","QC","SK","YT"]},"Country137941":{"seccion":"Employment Record 1 Country or Territory","hubspotProperty":"","options":["","Afghanistan","Aland Island","Albania","Algeria","Andorra","Angola","Anguilla","Antigua And Barbuda","Argentina","Armenia","Aruba","Australia","Austria","Azerbaijan","Bahamas","Bahrain","Bailwick of Jersey","Bangladesh","Barbados","Belarus","Belgium","Belize","Benin","Bermuda","Bhutan","Bolivia","Bonaire, Sint Eustatius, Saba","Bosnia and Herzegovina","Botswana","Bouvet Island","Brazil","British Indian Ocean Territory","British Virgin Islands","Brunei Darussalam","Bulgaria","Burkina Faso","Burma (Myanmar)","Burundi","Cabo Verde","Cambodia","Cameroon","Canada","Canary Islands","Cayman Islands","Central African Republic","Chad","Channel Islands","Chile","China","China (Hong Kong SAR)","China (Macao SAR)","Christmas Island","Colombia","Comoros","Cook Islands","Costa Rica","Croatia","Cuba","Curaçao","Cyprus","Czech Republic","Czechoslovakia","Democratic Rep. of Congo","Denmark","Djibouti","Dominica","Dominican Republic","East Timor","Ecuador","Egypt","El Salvador","England","Equatorial Guinea","Eritrea","Estonia","Ethiopia","Falkland Islands","Faroe Islands","Federated States of Micronesia","Fiji","Finland","Fr. South. and Antarctic Lands","France","French Guiana","French Polynesia","Gabon","Gambia","Georgia","Germany, Federal Republic Of","Ghana","Gibraltar","Greece","Greenland","Grenada","Guadeloupe","Guam","Guatemala","Guernsey","Guinea","Guinea-Bissau","Guyana","Haiti","Heard and MacDonald Islands","Honduras","Hong Kong","Hungary","Iceland","India","Indonesia","Iran","Iraq","Ireland","Isle of Man","Israel","Italy","Ivory Coast","Jamaica","Japan","Jordan","Kazakhstan","Kenya","Kiribati","Korea, North (DPRK)","Korea, South","Kosovo","Kuwait","Kyrgyzstan","Laos","Latvia","Lebanon","Lesotho","Liberia","Libya","Liechtenstein","Lithuania","Luxembourg","Macao","Macedonia","Madagascar","Madeira","Malawi","Malaysia","Maldives","Mali","Malta","Marshall Islands","Martinique","Mauritania","Mauritius","Mayotte","Mexico","Moldova","Monaco","Mongolia","Montenegro","Montserrat","Morocco","Mozambique","Namibia","Nauru","Nepal","Netherlands Antilles, The","Netherlands, The","Nevis","New Caledonia","New Zealand","Nicaragua","Niger","Nigeria","Niue","Northern Ireland","Northern Mariana Islands","Norway","Oman","Pakistan","Palestinian Authority","Panama","Papua New Guinea","Paraguay","Peru","Philippines","Pitcairn Islands","Poland","Portugal","Puerto Rico","Qatar","Republic of Congo","Republic of Palau","Réunion","Romania","Russia","Rwanda","Saint Helena","Saint Kitts and Nevis","Saint Lucia","Saint Pierre and Miquelon","Saint-Barthelemy","Saint-Martin","Samoa","Samoa, American","San Marino","Sao Tome and Principe","Saudi Arabia","Scotland","Senegal","Serbia And Montenegro","Serbia, Republic Of","Seychelles","Sierra Leone","Singapore","Sint-Maarten","Slovakia","Slovenia","Solomon Islands","Somalia","South Africa, Republic Of","South Sudan","Spain","Sri Lanka","St. Vincent and the Grenadines","Sudan","Suriname","Swaziland","Sweden","Switzerland","Syria","Taiwan","Tajikistan","Tanzania","Thailand","Tibet (Autonomous Region)","Togo","Tokelau","Tonga","Trinidad and Tobago","Tunisia","Turkey","Turkmenistan","Turks and Caicos Islands","Tuvalu","U.S. Minor outlying Islands","Uganda","Ukraine","Union Of Soviet Socialist Rep","United Arab Emirates","United States of America","Unknown","Uruguay","Uzbekistan","Vanuatu","Vatican City State","Venezuela","Vietnam","Virgin Islands, U.S.","Wales","Wallis and Futuna Is., Terr.","Western Sahara","Yemen","Yugoslavia","Zambia","Zimbabwe"]},"ProvState137942":{"seccion":"Employment Record 1 Province or State if Country is Canada or United States","hubspotProperty":"","options":["","AB","BC","MB","NB","NL","NS","NT","NU","ON","PE","QC","SK","YT"]},"Country137955":{"seccion":"Employment Record 2 Country or Territory","hubspotProperty":"","options":["","Afghanistan","Aland Island","Albania","Algeria","Andorra","Angola","Anguilla","Antigua And Barbuda","Argentina","Armenia","Aruba","Australia","Austria","Azerbaijan","Bahamas","Bahrain","Bailwick of Jersey","Bangladesh","Barbados","Belarus","Belgium","Belize","Benin","Bermuda","Bhutan","Bolivia","Bonaire, Sint Eustatius, Saba","Bosnia and Herzegovina","Botswana","Bouvet Island","Brazil","British Indian Ocean Territory","British Virgin Islands","Brunei Darussalam","Bulgaria","Burkina Faso","Burma (Myanmar)","Burundi","Cabo Verde","Cambodia","Cameroon","Canada","Canary Islands","Cayman Islands","Central African Republic","Chad","Channel Islands","Chile","China","China (Hong Kong SAR)","China (Macao SAR)","Christmas Island","Colombia","Comoros","Cook Islands","Costa Rica","Croatia","Cuba","Curaçao","Cyprus","Czech Republic","Czechoslovakia","Democratic Rep. of Congo","Denmark","Djibouti","Dominica","Dominican Republic","East Timor","Ecuador","Egypt","El Salvador","England","Equatorial Guinea","Eritrea","Estonia","Ethiopia","Falkland Islands","Faroe Islands","Federated States of Micronesia","Fiji","Finland","Fr. South. and Antarctic Lands","France","French Guiana","French Polynesia","Gabon","Gambia","Georgia","Germany, Federal Republic Of","Ghana","Gibraltar","Greece","Greenland","Grenada","Guadeloupe","Guam","Guatemala","Guernsey","Guinea","Guinea-Bissau","Guyana","Haiti","Heard and MacDonald Islands","Honduras","Hong Kong","Hungary","Iceland","India","Indonesia","Iran","Iraq","Ireland","Isle of Man","Israel","Italy","Ivory Coast","Jamaica","Japan","Jordan","Kazakhstan","Kenya","Kiribati","Korea, North (DPRK)","Korea, South","Kosovo","Kuwait","Kyrgyzstan","Laos","Latvia","Lebanon","Lesotho","Liberia","Libya","Liechtenstein","Lithuania","Luxembourg","Macao","Macedonia","Madagascar","Madeira","Malawi","Malaysia","Maldives","Mali","Malta","Marshall Islands","Martinique","Mauritania","Mauritius","Mayotte","Mexico","Moldova","Monaco","Mongolia","Montenegro","Montserrat","Morocco","Mozambique","Namibia","Nauru","Nepal","Netherlands Antilles, The","Netherlands, The","Nevis","New Caledonia","New Zealand","Nicaragua","Niger","Nigeria","Niue","Northern Ireland","Northern Mariana Islands","Norway","Oman","Pakistan","Palestinian Authority","Panama","Papua New Guinea","Paraguay","Peru","Philippines","Pitcairn Islands","Poland","Portugal","Puerto Rico","Qatar","Republic of Congo","Republic of Palau","Réunion","Romania","Russia","Rwanda","Saint Helena","Saint Kitts and Nevis","Saint Lucia","Saint Pierre and Miquelon","Saint-Barthelemy","Saint-Martin","Samoa","Samoa, American","San Marino","Sao Tome and Principe","Saudi Arabia","Scotland","Senegal","Serbia And Montenegro","Serbia, Republic Of","Seychelles","Sierra Leone","Singapore","Sint-Maarten","Slovakia","Slovenia","Solomon Islands","Somalia","South Africa, Republic Of","South Sudan","Spain","Sri Lanka","St. Vincent and the Grenadines","Sudan","Suriname","Swaziland","Sweden","Switzerland","Syria","Taiwan","Tajikistan","Tanzania","Thailand","Tibet (Autonomous Region)","Togo","Tokelau","Tonga","Trinidad and Tobago","Tunisia","Turkey","Turkmenistan","Turks and Caicos Islands","Tuvalu","U.S. Minor outlying Islands","Uganda","Ukraine","Union Of Soviet Socialist Rep","United Arab Emirates","United States of America","Unknown","Uruguay","Uzbekistan","Vanuatu","Vatican City State","Venezuela","Vietnam","Virgin Islands, U.S.","Wales","Wallis and Futuna Is., Terr.","Western Sahara","Yemen","Yugoslavia","Zambia","Zimbabwe"]},"ProvState137956":{"seccion":"Employment Record 2 Province or State if Country is Canada or United States","hubspotProperty":"","options":["","AB","BC","MB","NB","NL","NS","NT","NU","ON","PE","QC","SK","YT"]},"Country137971":{"seccion":"Employment Record 3 Country or Territory","hubspotProperty":"","options":["","Afghanistan","Aland Island","Albania","Algeria","Andorra","Angola","Anguilla","Antigua And Barbuda","Argentina","Armenia","Aruba","Australia","Austria","Azerbaijan","Bahamas","Bahrain","Bailwick of Jersey","Bangladesh","Barbados","Belarus","Belgium","Belize","Benin","Bermuda","Bhutan","Bolivia","Bonaire, Sint Eustatius, Saba","Bosnia and Herzegovina","Botswana","Bouvet Island","Brazil","British Indian Ocean Territory","British Virgin Islands","Brunei Darussalam","Bulgaria","Burkina Faso","Burma (Myanmar)","Burundi","Cabo Verde","Cambodia","Cameroon","Canada","Canary Islands","Cayman Islands","Central African Republic","Chad","Channel Islands","Chile","China","China (Hong Kong SAR)","China (Macao SAR)","Christmas Island","Colombia","Comoros","Cook Islands","Costa Rica","Croatia","Cuba","Curaçao","Cyprus","Czech Republic","Czechoslovakia","Democratic Rep. of Congo","Denmark","Djibouti","Dominica","Dominican Republic","East Timor","Ecuador","Egypt","El Salvador","England","Equatorial Guinea","Eritrea","Estonia","Ethiopia","Falkland Islands","Faroe Islands","Federated States of Micronesia","Fiji","Finland","Fr. South. and Antarctic Lands","France","French Guiana","French Polynesia","Gabon","Gambia","Georgia","Germany, Federal Republic Of","Ghana","Gibraltar","Greece","Greenland","Grenada","Guadeloupe","Guam","Guatemala","Guernsey","Guinea","Guinea-Bissau","Guyana","Haiti","Heard and MacDonald Islands","Honduras","Hong Kong","Hungary","Iceland","India","Indonesia","Iran","Iraq","Ireland","Isle of Man","Israel","Italy","Ivory Coast","Jamaica","Japan","Jordan","Kazakhstan","Kenya","Kiribati","Korea, North (DPRK)","Korea, South","Kosovo","Kuwait","Kyrgyzstan","Laos","Latvia","Lebanon","Lesotho","Liberia","Libya","Liechtenstein","Lithuania","Luxembourg","Macao","Macedonia","Madagascar","Madeira","Malawi","Malaysia","Maldives","Mali","Malta","Marshall Islands","Martinique","Mauritania","Mauritius","Mayotte","Mexico","Moldova","Monaco","Mongolia","Montenegro","Montserrat","Morocco","Mozambique","Namibia","Nauru","Nepal","Netherlands Antilles, The","Netherlands, The","Nevis","New Caledonia","New Zealand","Nicaragua","Niger","Nigeria","Niue","Northern Ireland","Northern Mariana Islands","Norway","Oman","Pakistan","Palestinian Authority","Panama","Papua New Guinea","Paraguay","Peru","Philippines","Pitcairn Islands","Poland","Portugal","Puerto Rico","Qatar","Republic of Congo","Republic of Palau","Réunion","Romania","Russia","Rwanda","Saint Helena","Saint Kitts and Nevis","Saint Lucia","Saint Pierre and Miquelon","Saint-Barthelemy","Saint-Martin","Samoa","Samoa, American","San Marino","Sao Tome and Principe","Saudi Arabia","Scotland","Senegal","Serbia And Montenegro","Serbia, Republic Of","Seychelles","Sierra Leone","Singapore","Sint-Maarten","Slovakia","Slovenia","Solomon Islands","Somalia","South Africa, Republic Of","South Sudan","Spain","Sri Lanka","St. Vincent and the Grenadines","Sudan","Suriname","Swaziland","Sweden","Switzerland","Syria","Taiwan","Tajikistan","Tanzania","Thailand","Tibet (Autonomous Region)","Togo","Tokelau","Tonga","Trinidad and Tobago","Tunisia","Turkey","Turkmenistan","Turks and Caicos Islands","Tuvalu","U.S. Minor outlying Islands","Uganda","Ukraine","Union Of Soviet Socialist Rep","United Arab Emirates","United States of America","Unknown","Uruguay","Uzbekistan","Vanuatu","Vatican City State","Venezuela","Vietnam","Virgin Islands, U.S.","Wales","Wallis and Futuna Is., Terr.","Western Sahara","Yemen","Yugoslavia","Zambia","Zimbabwe"]},"ProvState137972":{"seccion":"Employment Record 3 Province or State if Country is Canada or United States","hubspotProperty":"","options":["","AB","BC","MB","NB","NL","NS","NT","NU","ON","PE","QC","SK","YT"]}},"input":{"CRCNum137643":{"seccion":null,"hubspotProperty":""},"Age137644":{"seccion":null,"hubspotProperty":""},"AdultFlag137645":{"seccion":null,"hubspotProperty":""},"FormVersion137646":{"seccion":null,"hubspotProperty":""},"PrevAge137647":{"seccion":null,"hubspotProperty":""},"UCIClientID137651":{"seccion":"Question 1 UCI","hubspotProperty":""},"ApplicationValidatedFlag137654":{"seccion":null,"hubspotProperty":""},"RestoreStat137656":{"seccion":"Restore my status as a visitor","hubspotProperty":""},"Extend137657":{"seccion":"Extend my status as a visitor","hubspotProperty":""},"HiddenStat137658":{"seccion":null,"hubspotProperty":""},"TRP137659":{"seccion":"Get a new temporary resident permit (for inadmissible applicants only)","hubspotProperty":""},"AliasNameIndicator137667":{"seccion":"Indicate Yes to the Question 2 A: Have you ever used any other name such as a nickname, maiden name or alias?","hubspotProperty":""},"DOBDay137672":{"seccion":"Question 4 Date of Birth Day in DD format","hubspotProperty":""},"DOBMonth137673":{"seccion":"Question 4 Date of Birth Month in MM format","hubspotProperty":""},"DOBYear137674":{"seccion":"Question 4 Date of Birth Year in YYYY format","hubspotProperty":""},"FromDate137687":{"seccion":"Question 7 D The start date of your immigration status in your current country of residence in YYYY-MM-DD format","hubspotProperty":""},"ToDate137688":{"seccion":"Question 7 E The end date of your immigration status in your current country of residence in YYYY-MM-DD format","hubspotProperty":""},"FromYr137690":{"seccion":null,"hubspotProperty":""},"FromMM137691":{"seccion":null,"hubspotProperty":""},"FromDD137692":{"seccion":null,"hubspotProperty":""},"ToDD137693":{"seccion":null,"hubspotProperty":""},"ToYr137694":{"seccion":null,"hubspotProperty":""},"ToMM137695":{"seccion":null,"hubspotProperty":""},"PCRIndicator137697":{"seccion":"Indicate Yes to the Question 8 A:  During the past 5 years have you lived in any country or territory other than your country of citizenship or your current country or territory of residence for more than 6 months?","hubspotProperty":""},"FromDate137704":{"seccion":"Question 8 B Row 1 Status From Date.  The start date of your immigration status in your previous country of residence in YYYY-MM-DD format","hubspotProperty":""},"ToDate137705":{"seccion":"Question 8 B Row 1 Status To Date. The end date of your immigration status in your previous country of residence in YYYY-MM-DD format","hubspotProperty":""},"FromDate137710":{"seccion":"Question 8 B Row 2 Status From Date.    The start date of your immigration status in your previous country of residence in YYYY-MM-DD format","hubspotProperty":""},"ToDate137711":{"seccion":"Question 8 B Row 2 Status To Date. The end date of your immigration status in your previous country of residence in YYYY-MM-DD format","hubspotProperty":""},"FromYr137713":{"seccion":null,"hubspotProperty":""},"FromMM137714":{"seccion":null,"hubspotProperty":""},"FromDD137715":{"seccion":null,"hubspotProperty":""},"ToYr137716":{"seccion":null,"hubspotProperty":""},"ToMM137717":{"seccion":null,"hubspotProperty":""},"ToDD137718":{"seccion":null,"hubspotProperty":""},"FromYr137720":{"seccion":null,"hubspotProperty":""},"FromMM137721":{"seccion":null,"hubspotProperty":""},"FromDD137722":{"seccion":null,"hubspotProperty":""},"ToYr137723":{"seccion":null,"hubspotProperty":""},"ToMM137724":{"seccion":null,"hubspotProperty":""},"ToDD137725":{"seccion":null,"hubspotProperty":""},"DateOfMarriage137730":{"seccion":"Question 9 B. If you are married or in a common law relationship, please give the date on which you were married or entered into the common law relationship in YYYY-MM-DD format.","hubspotProperty":""},"FromYr137732":{"seccion":null,"hubspotProperty":""},"FromMM137733":{"seccion":null,"hubspotProperty":""},"FromDD137734":{"seccion":null,"hubspotProperty":""},"SpouseStatus137739":{"seccion":"Indicate Yes to the Question 9 D: If you are married or in a common law relationship, is your spouse or common-law partner a Canadian citizen or permanent resident?","hubspotProperty":""},"PrevMarriedIndicator137743":{"seccion":"Indicate Yes to the Question 10 A:  Have you previously been married or in a common law relationship?","hubspotProperty":""},"DateCalc137745":{"seccion":null,"hubspotProperty":""},"Year137746":{"seccion":null,"hubspotProperty":""},"Month137747":{"seccion":null,"hubspotProperty":""},"Day137748":{"seccion":null,"hubspotProperty":""},"FromDate137753":{"seccion":"Question 10 D From Date. The start date of your previous marriage or common law relationship in YYYY-MM-DD format","hubspotProperty":""},"ToDate137755":{"seccion":"Question 10 D To Date.  The end date of your previous marriage or common law relationship in YYYY-MM-DD format","hubspotProperty":""},"FromYr137757":{"seccion":null,"hubspotProperty":""},"FromMM137758":{"seccion":null,"hubspotProperty":""},"FromDD137759":{"seccion":null,"hubspotProperty":""},"ToYr137760":{"seccion":null,"hubspotProperty":""},"ToMM137761":{"seccion":null,"hubspotProperty":""},"ToDD137762":{"seccion":null,"hubspotProperty":""},"DOBDay137764":{"seccion":"Question 10 e. Date of Birth Day in DD format","hubspotProperty":""},"DOBMonth137765":{"seccion":"Question 10 e. Date of Birth Month in MM format","hubspotProperty":""},"DOBYear137766":{"seccion":"Question 10 e. Date of Birth Year in YYYY format","hubspotProperty":""},"LangTestIndicator137771":{"seccion":"Indicate Yes to the Question 3: Have you taken a test from a designed testing agency to assess your proficiency in English or French?","hubspotProperty":""},"IssueDate137775":{"seccion":"Question 3. The issue date of your passport in YYYY-MM-DD format","hubspotProperty":""},"ExpiryDate137776":{"seccion":"Question 4. The expiry date of passport in YYYY-MM-DD format","hubspotProperty":""},"YYYY137778":{"seccion":null,"hubspotProperty":""},"MM137779":{"seccion":null,"hubspotProperty":""},"DD137780":{"seccion":null,"hubspotProperty":""},"YYYY137782":{"seccion":null,"hubspotProperty":""},"MM137783":{"seccion":null,"hubspotProperty":""},"DD137784":{"seccion":null,"hubspotProperty":""},"TaiwanPIN137785":{"seccion":"Indicate Yes to Question 5.  For this trip, will you use a passport issued by the Ministry of Foreign Affairs in Taiwan that includes your personal identification number?","hubspotProperty":""},"IsraelPassportIndicator137786":{"seccion":"Indicate Yes to Question 6 :  For this trip, will you use a National Israeli passport?","hubspotProperty":""},"natIDIndicator137790":{"seccion":"Indicate Yes to the National Identity Document Section Question 1:  Do you have a national identity document?","hubspotProperty":""},"IssueDate137797":{"seccion":"Question 4.  The issue date of your National Identity Document in YYYY-MM-DD format","hubspotProperty":""},"ExpiryDate137798":{"seccion":"Question 4.  The Expiry date of your National Identity Document in YYYY-MM-DD format","hubspotProperty":""},"usCardIndicator137802":{"seccion":"Indicate Yes to the US PR Card Section Question 1:  Do you have a US PR card?","hubspotProperty":""},"ExpiryDate137806":{"seccion":"Question 4.  The Expiry date of your US PR card in YYYY-MM-DD format","hubspotProperty":""},"SameAsMailingInd137823":{"seccion":"Indicate Yes to the Question 2:  Is your residential address the same as your mailing address?","hubspotProperty":""},"CanadaUS137837":{"seccion":"Question 3 Is your telephone number in Canada / U S format?","hubspotProperty":""},"Other137838":{"seccion":"Question 3 Is your telephone number in Other format?","hubspotProperty":""},"ActualNumber137839":{"seccion":null,"hubspotProperty":""},"NumberExt137841":{"seccion":"Question 3 Telephone number extension","hubspotProperty":""},"NumberCountry137842":{"seccion":"Question 3 Country code","hubspotProperty":""},"AreaCode137844":{"seccion":"Question 3 3 digit Area Code","hubspotProperty":""},"FirstThree137845":{"seccion":"Question 3 3 digit Exchange Number","hubspotProperty":""},"LastFive137846":{"seccion":"Question 3 4 digit Subscriber Number","hubspotProperty":""},"IntlNumber137848":{"seccion":"Question 3 Telephone number","hubspotProperty":""},"CanadaUS137851":{"seccion":"Question 4 Is your Alternate Telephone number in Canada / U S format?","hubspotProperty":""},"Other137852":{"seccion":"Question 4 Is your Alternate Telephone number in Other format?","hubspotProperty":""},"ActualNumber137853":{"seccion":null,"hubspotProperty":""},"NumberExt137855":{"seccion":"Question 4 Alternate telephone number Extension","hubspotProperty":""},"NumberCountry137856":{"seccion":"Question 4 Alternate telephone number Country Code","hubspotProperty":""},"AreaCode137858":{"seccion":"Question 4 3 digit Area Code","hubspotProperty":""},"FirstThree137859":{"seccion":"Question 4 3 digit Exchange Number","hubspotProperty":""},"LastFive137860":{"seccion":"Question 4 4 digit Subscriber Number","hubspotProperty":""},"IntlNumber137862":{"seccion":"Question 4 Alternate telephone number","hubspotProperty":""},"CanadaUS137866":{"seccion":"Question 5 Is your Fax number in Canada / U S format?","hubspotProperty":""},"Other137867":{"seccion":"Question 5 Is your Fax number in Other format?","hubspotProperty":""},"NumberExt137868":{"seccion":"Question 5 Fax number extension","hubspotProperty":""},"NumberCountry137869":{"seccion":"Question 5 Fax number Country Code","hubspotProperty":""},"ActualNumber137870":{"seccion":null,"hubspotProperty":""},"AreaCode137872":{"seccion":"Question 5 3 digit Area Code?","hubspotProperty":""},"FirstThree137873":{"seccion":"Question 5 3 digit Exchange Number","hubspotProperty":""},"LastFive137874":{"seccion":"Question 5 4 digit Subscriber Number","hubspotProperty":""},"IntlNumber137876":{"seccion":"Question 5 Fax number","hubspotProperty":""},"DateLastEntry137882":{"seccion":"Coming into Canada Section Question 1.  Date of your original entry to Canada in YYYY-MM-DD format","hubspotProperty":""},"DateLastEntry137888":{"seccion":"Question 3.  Date of your most recent entry to Canada (if not the same as your original entry date) in YYYY-MM-DD format","hubspotProperty":""},"docNum137891":{"seccion":"Question 4 Document Number.  If applicable, provide the document number of the most recent Visitor Record, Study Permit or Work Permit issued to you.","hubspotProperty":""},"FromDate137897":{"seccion":"Question 2  Indicate how long you plan to stay, From Date. The date of your arrival in Canada in YYYY-MM-DD format","hubspotProperty":""},"ToDate137898":{"seccion":"Question 2 Indicate how long you plan to stay, To Date.  The date of your departure from Canada in YYYY-MM-DD format","hubspotProperty":""},"FundsAvail137900":{"seccion":"Question 3 A Funds available for your stay in Canadian dollars","hubspotProperty":""},"EducationIndicator137914":{"seccion":"Indicate Yes to the Education Section Question 1:  Have you had any post secondary education including university, college or apprenticeship training?","hubspotProperty":""},"YYYY137917":{"seccion":"Question 1 From Date Year. If you answered yes to the previous question, please give the year that you started your highest level of post secondary education in YYYY format.","hubspotProperty":""},"MM137918":{"seccion":"Question 1 From Date Month. The month that you started your highest level of post secondary education in MM format","hubspotProperty":""},"YYYY137923":{"seccion":"Question 1 To Date Year.  Please give the year that you completed your highest level of post secondary education in YYYY format.","hubspotProperty":""},"MM137924":{"seccion":"Question 1 To Date Month. The month that you completed your highest level of post secondary education in MM format","hubspotProperty":""},"YYYY137932":{"seccion":"Employment Section. Please give details of your employment for the past 10 years, including if you have held any government positions such as civil servant, judge, police officer, mayor, member of parliament, hospital administrator. Record 1 From Date Year. The year of the start of your current employment or other activity in YYYY format","hubspotProperty":""},"MM137933":{"seccion":"Employment Record 1 From Date Month.  The month of the start of your current employment or other activity in MM format","hubspotProperty":""},"YYYY137938":{"seccion":"Employment Record 1 To Date Year. The year that you will complete your current employment or other activity in YYYY format","hubspotProperty":""},"MM137939":{"seccion":"Employment Record 1 To Date Month The month that you will complete your current employment or other activity in MM format","hubspotProperty":""},"YYYY137946":{"seccion":"Employment Record 2 From Date Year. The year of the start of your previous employment or other activity in YYYY format, if applicable","hubspotProperty":""},"MM137947":{"seccion":"Employment Record 2 From Date Month. The month of the start of your previous employment or other activity in MM format","hubspotProperty":""},"YYYY137952":{"seccion":"Employment Record 2 To Date Year. The year that you completed your previous employment or other activity in YYYY format","hubspotProperty":""},"MM137953":{"seccion":"Employment Record 2 To Date Month. The month that you completed your previous employment or other activity in MM format","hubspotProperty":""},"YYYY137962":{"seccion":"Employment Record 3 From Date Year. The year of the start of your previous employment or other activity in YYYY format, if applicable","hubspotProperty":""},"MM137963":{"seccion":"Employment Record 3 From Date Month. The month of the start of your previous employment or other activity in MM format","hubspotProperty":""},"YYYY137968":{"seccion":"Employment Record 3 To Date Year. The year that you completed your previous employment or other activity in YYYY format","hubspotProperty":""},"MM137969":{"seccion":"Employment Record 3 To Date Month. The month that you completed your previous employment or other activity in MM format","hubspotProperty":""},"qANY137976":{"seccion":"Indicate Yes to the Background Information Section Question 1 A: Within the past two years, have you or a family member ever had tuberculosis of the lungs or been in close contact with a person with tuberculosis?","hubspotProperty":""},"qBNY137977":{"seccion":"Indicate Yes to the Question 1 B: Do you have any physical or mental disorder that would require social or health services, other than medication, during a stay in Canada?","hubspotProperty":""},"backgroundInfoCalc137978":{"seccion":null,"hubspotProperty":""},"qANY137981":{"seccion":"Indicate No to the Question 2 A: Have you ever remained beyond the validity of your status, attended school without authorization or worked without authorization in Canada?","hubspotProperty":""},"qBNY137982":{"seccion":"Indicate No to the Question 2 B: Have you ever been refused a visa or permit, denied entry or ordered to leave Canada or any other country or territory?","hubspotProperty":""},"qCNY137983":{"seccion":"Indicate Yes to the Question 2 C: Have you previously applied to enter or remain in Canada?","hubspotProperty":""},"qANY137986":{"seccion":"Indicate Yes to the Question 3 A: Have you ever committed, been arrested for, been charged with or convicted of any criminal offence in any country or territory?","hubspotProperty":""},"qANY137989":{"seccion":"Indicate Yes to the Question 4 A: Did you serve in any military, militia, or civil defence unit or serve in a security organization or police force (including non obligatory national service, reserve or volunteer units)?","hubspotProperty":""},"qGovtNY137994":{"seccion":"Indicate Yes to the Question 5:  Are you, or have you ever been a member or associated with any political party, or other group or organization which has engaged in or advocated violence as a means to achieving a political or religious objective, or which has been associated with criminal activity at any time?","hubspotProperty":""},"qWitnessNY137996":{"seccion":"Indicate Yes to the Question 6:  Have you ever witnessed or participated in the ill treatment of prisoners or civilians, looting or desecration of religious buildings?","hubspotProperty":""},"C1CertificateIssueDate137998":{"seccion":"Signature date","hubspotProperty":""},"TextField2137999":{"seccion":"Signature of applicant or parent / legal guardian for a person under 18 years of age.","hubspotProperty":""},"FutureComm138000":{"seccion":"Do you consent to be contacted by CIC, or an organization at CIC’s request, in the future? (Y/N)","hubspotProperty":""},"ReaderInfo138002":{"seccion":null,"hubspotProperty":""}},"textarea":{"FamilyName137661":{"seccion":"Personal Details Section Question 1 Family name as shown on your passport or travel document","hubspotProperty":""},"GivenName137662":{"seccion":"Question 1 Given name or names as shown on your passport or travel document","hubspotProperty":""},"AliasFamilyName137664":{"seccion":"Question 2 B If you answered yes to question 2 A, please give the family name.","hubspotProperty":""},"AliasGivenName137665":{"seccion":"Question 2 B If you answered yes to question 2 A, please give the given name.","hubspotProperty":""},"PlaceBirthCity137676":{"seccion":"Question 5 A Place of Birth City or Town","hubspotProperty":""},"Other137686":{"seccion":"Question 7 C If your immigration status is other, please give details.","hubspotProperty":""},"Other137703":{"seccion":"Question 8 B Row 1 Other Details.  If your immigration status was other, please give details.","hubspotProperty":""},"Other137709":{"seccion":"Question 8 B Row 2 Other Details.   If your immigration status was other, please give details.","hubspotProperty":""},"FamilyName137736":{"seccion":"Question 9 C Family Name.  If you are married or in a common law relationship, please give the family name of your current spouse or common law partner.","hubspotProperty":""},"GivenName137737":{"seccion":"Question 9 C Given Name.  If you are married or in a common law relationship, please give the given name of your current spouse or common law partner.","hubspotProperty":""},"PMFamilyName137749":{"seccion":"Question 10 B Family Name .  If you replied Yes to question 10 A, please give the family name of your previous spouse or common law partner.","hubspotProperty":""},"PMGivenName137750":{"seccion":"Question 10 B Given Name.  If you replied Yes to question 10 A, please give the given name of your previous spouse or common law partner.","hubspotProperty":""},"PassportNum137773":{"seccion":"Passport Section Question 1. Your current passport number","hubspotProperty":""},"DocNum137793":{"seccion":"Question 2. Your National Identity Document Number","hubspotProperty":""},"DocNum137805":{"seccion":"Question 2. Your US PR Card Number","hubspotProperty":""},"POBox137811":{"seccion":"Contact Information Section Question 1 Current mailing address PO box","hubspotProperty":""},"AptUnit137812":{"seccion":"Question 1 Current mailing address apartment or unit number","hubspotProperty":""},"StreetNum137813":{"seccion":"Question 1 Current mailing address street number","hubspotProperty":""},"Streetname137814":{"seccion":"Question 1 Current mailing address street name","hubspotProperty":""},"City137816":{"seccion":"Question 1 Current mailing address City/Town","hubspotProperty":""},"PostalCode137819":{"seccion":"Question 1 Current mailing address postal code","hubspotProperty":""},"AptUnit137825":{"seccion":"Question 2  If you replied No to the previous question, please give your residential address apartment or unit number.","hubspotProperty":""},"StreetNum137826":{"seccion":"Question 2 Residential address street number","hubspotProperty":""},"Streetname137827":{"seccion":"Question 2 Residential address street name","hubspotProperty":""},"City137829":{"seccion":"Question 2 Residential address city or town","hubspotProperty":""},"PostalCode137832":{"seccion":"Question 2 Residential address postal code","hubspotProperty":""},"Email137878":{"seccion":"Question 6 Email address","hubspotProperty":""},"Place137883":{"seccion":"Question 1.  Place of your original entry to Canada","hubspotProperty":""},"Other137886":{"seccion":"Question 2 B.  If you answered Other to question 2 A, please provide details.","hubspotProperty":""},"Place137889":{"seccion":"Question 3.  Place of your most recent entry to Canada","hubspotProperty":""},"Other137895":{"seccion":"Question 1 B. If you replied Other to Question 1 A, please provide details.","hubspotProperty":""},"Other137902":{"seccion":"Question  3C. If your previous answer was other, please give details.","hubspotProperty":""},"Name137906":{"seccion":"Question 4 Row 1 Name.  The name of the person or institution you will visit","hubspotProperty":""},"Relationship137907":{"seccion":"Question 4 Row 1 Relationship to me.  The relationship to you of the person or institution I will visit","hubspotProperty":""},"Addr137908":{"seccion":"Question 4 Row 1 Address.  The address of the person or institution you will visit","hubspotProperty":""},"Name137910":{"seccion":"Question 4 Row 2 Name.  The name of the second person or institution you will visit, if applicable","hubspotProperty":""},"Relationship137911":{"seccion":"Question 4 Row 2 Relationship to me.  The relationship to you of the second person or institution you will visit, if applicable","hubspotProperty":""},"Addr137912":{"seccion":"Question 4 Row 2 Address.  The address of the second person or institution you will visit, if applicable","hubspotProperty":""},"FieldOfStudy137919":{"seccion":"Question 1 Field of Study","hubspotProperty":""},"School137920":{"seccion":"Question 1 School/Facility Name","hubspotProperty":""},"City137925":{"seccion":"Question 1 City/Town","hubspotProperty":""},"Occupation137934":{"seccion":"Employment Record 1 Current Activity/Occupation. Your current employment or other activity","hubspotProperty":""},"Employer137935":{"seccion":"Employment Record 1 Company/Employer/Facility Name. Your current employer, company or other facility","hubspotProperty":""},"City137940":{"seccion":"Employment Record 1 City/Town","hubspotProperty":""},"Occupation137948":{"seccion":"Employment Record 2 Previous Activity/Occupation. Your previous employment or other activity","hubspotProperty":""},"Employer137949":{"seccion":"Employment Record 2 Company/Employer/Facility Name. Your previous employer, company or other facility","hubspotProperty":""},"City137954":{"seccion":"Employment Record 2 City/Town","hubspotProperty":""},"Occupation137964":{"seccion":"Employment Record 3 Previous Activity/Occupation. Your previous employment or other activity","hubspotProperty":""},"Employer137965":{"seccion":"Employment Record 3 Company/Employer/Facility Name. Your previous employer, company or other facility","hubspotProperty":""},"City137970":{"seccion":"Employment Record 3 City/Town","hubspotProperty":""},"MedicalDetails137979":{"seccion":"Question 1 C. If you answered yes to question 1 A or 1 B please give details and the name of the family member, if applicable.","hubspotProperty":""},"refusedDetails137984":{"seccion":"Question 2 D.  If you answered yes to Question 2 A, 2 B or 2 C, please give details.","hubspotProperty":""},"refusedDetails137987":{"seccion":"Question 3 B. If you answered yes to question 3 A above, please give details.","hubspotProperty":""},"militaryServiceDetails137990":{"seccion":"Question 4 B. If you answered yes to question 4 A, please give dates of service and countries or territories where you served.","hubspotProperty":""}}}