{"select":{"ServiceIn240544":{"seccion":"Question 2 I want service in [language]","hubspotProperty":"","options":["","English","French"]},"VisaType240546":{"seccion":null,"hubspotProperty":"","options":[" ","Single","Multiple","Transit"]},"Sex240558":{"seccion":"Question 3 What is your sex?","hubspotProperty":"","options":["","F Female","M Male","U Unknown","X Another gender"]},"PlaceBirthCountry240563":{"seccion":"Question 5 B Place of Birth Country or Territory","hubspotProperty":"","options":["","Afghanistan","Aland Island","Albania","Algeria","Andorra","Angola","Anguilla","Antigua And Barbuda","Argentina","Armenia","Aruba","Australia","Austria","Azerbaijan","Bahamas","Bahrain","Bailwick of Jersey","Bangladesh","Barbados","Belarus","Belgium","Belize","Benin","Bermuda","Bhutan","Bolivia","Bonaire, Sint Eustatius, Saba","Bosnia and Herzegovina","Botswana","Bouvet Island","Brazil","British Indian Ocean Territory","British Virgin Islands","Brunei Darussalam","Bulgaria","Burkina Faso","Burma (Myanmar)","Burundi","Cabo Verde","Cambodia","Cameroon","Canada","Canary Islands","Cayman Islands","Central African Republic","Chad","Channel Islands","Chile","China","China (Hong Kong SAR)","China (Macao SAR)","Christmas Island","Colombia","Comoros","Cook Islands","Costa Rica","Croatia","Cuba","Curaçao","Cyprus","Czech Republic","Czechoslovakia","Democratic Rep. of Congo","Denmark","Djibouti","Dominica","Dominican Republic","East Timor","Ecuador","Egypt","El Salvador","England","Equatorial Guinea","Eritrea","Estonia","Ethiopia","Falkland Islands","Faroe Islands","Federated States of Micronesia","Fiji","Finland","Fr. South. and Antarctic Lands","France","French Guiana","French Polynesia","Gabon","Gambia","Georgia","Germany, Federal Republic Of","Ghana","Gibraltar","Greece","Greenland","Grenada","Guadeloupe","Guam","Guatemala","Guernsey","Guinea","Guinea-Bissau","Guyana","Haiti","Heard and MacDonald Islands","Honduras","Hong Kong","Hungary","Iceland","India","Indonesia","Iran","Iraq","Ireland","Isle of Man","Israel","Italy","Ivory Coast","Jamaica","Japan","Jordan","Kazakhstan","Kenya","Kiribati","Korea, North (DPRK)","Korea, South","Kosovo","Kuwait","Kyrgyzstan","Laos","Latvia","Lebanon","Lesotho","Liberia","Libya","Liechtenstein","Lithuania","Luxembourg","Macao","Macedonia","Madagascar","Madeira","Malawi","Malaysia","Maldives","Mali","Malta","Marshall Islands","Martinique","Mauritania","Mauritius","Mayotte","Mexico","Moldova","Monaco","Mongolia","Montenegro","Montserrat","Morocco","Mozambique","Namibia","Nauru","Nepal","Netherlands Antilles, The","Netherlands, The","Nevis","New Caledonia","New Zealand","Nicaragua","Niger","Nigeria","Niue","Northern Ireland","Northern Mariana Islands","Norway","Oman","Pakistan","Palestinian Authority","Panama","Papua New Guinea","Paraguay","Peru","Philippines","Pitcairn Islands","Poland","Portugal","Puerto Rico","Qatar","Republic of Congo","Republic of Palau","Réunion","Romania","Russia","Rwanda","Saint Helena","Saint Kitts and Nevis","Saint Lucia","Saint Pierre and Miquelon","Saint-Barthelemy","Saint-Martin","Samoa","Samoa, American","San Marino","Sao Tome and Principe","Saudi Arabia","Scotland","Senegal","Serbia And Montenegro","Serbia, Republic Of","Seychelles","Sierra Leone","Singapore","Sint-Maarten","Slovakia","Slovenia","Solomon Islands","Somalia","South Africa, Republic Of","South Sudan","Spain","Sri Lanka","St. Vincent and the Grenadines","Sudan","Suriname","Swaziland","Sweden","Switzerland","Syria","Taiwan","Tajikistan","Tanzania","Thailand","Tibet (Autonomous Region)","Togo","Tokelau","Tonga","Trinidad and Tobago","Tunisia","Turkey","Turkmenistan","Turks and Caicos Islands","Tuvalu","U.S. Minor outlying Islands","Uganda","Ukraine","Union Of Soviet Socialist Rep","United Arab Emirates","United States of America","Unknown","Uruguay","Uzbekistan","Vanuatu","Vatican City State","Venezuela","Vietnam","Virgin Islands, U.S.","Wales","Wallis and Futuna Is., Terr.","Western Sahara","Yemen","Yugoslavia","Zambia","Zimbabwe"]},"Citizenship240565":{"seccion":"Question 6 Citizenship","hubspotProperty":"","options":["","Afghanistan","Albania","Algeria","Andorra","Angola","Antigua And Barbuda","Argentina","Armenia","Australia","Austria","Azerbaijan","Bahamas","Bahrain","Bangladesh","Barbados","Belarus","Belgium","Belize","Benin","Bhutan","Bolivia","Bosnia and Herzegovina","Botswana","Brazil","Brunei Darussalam","Bulgaria","Burkina Faso","Burma (Myanmar)","Burundi","Cabo Verde","Cambodia","Cameroon","Canada","Central African Republic","Chad","Chile","China","China (Hong Kong SAR)","China (Macao SAR)","Colombia","Comoros","Costa Rica","Croatia","Cuba","Cyprus","Czech Republic","Democratic Rep. of Congo","Denmark","Djibouti","Dominica","Dominican Republic","East Timor","Ecuador","Egypt","El Salvador","Equatorial Guinea","Eritrea","Estonia","Ethiopia","Federated States of Micronesia","Fiji","Finland","France","Gabon","Gambia","Georgia","Germany, Federal Republic Of","Ghana","Greece","Grenada","Guatemala","Guinea","Guinea-Bissau","Guyana","Haiti","Honduras","Hungary","Iceland","India","Indonesia","Iran","Iraq","Ireland","Israel","Italy","Ivory Coast","Jamaica","Japan","Jordan","Kazakhstan","Kenya","Kiribati","Korea, North (DPRK)","Korea, South","Kosovo","Kuwait","Kyrgyzstan","Laos","Latvia","Lebanon","Lesotho","Liberia","Libya","Liechtenstein","Lithuania","Luxembourg","Macedonia","Madagascar","Malawi","Malaysia","Maldives","Mali","Malta","Marshall Islands","Mauritania","Mauritius","Mexico","Moldova","Monaco","Mongolia","Montenegro","Morocco","Mozambique","Namibia","Nauru","Nepal","Netherlands, The","New Caledonia","New Zealand","Nicaragua","Niger","Nigeria","Northern Mariana Islands","Norway","Oman","Pakistan","Palestinian Authority","Panama","Papua New Guinea","Paraguay","Peru","Philippines","Poland","Portugal","Qatar","Republic of Congo","Republic of Palau","Romania","Russia","Rwanda","Saint Kitts and Nevis","Saint Lucia","Samoa","San Marino","Sao Tome and Principe","Saudi Arabia","Senegal","Serbia, Republic Of","Seychelles","Sierra Leone","Singapore","Slovakia","Slovenia","Solomon Islands","Somalia","South Africa, Republic Of","South Sudan","Spain","Sri Lanka","St. Vincent and the Grenadines","Stateless","Sudan","Suriname","Swaziland","Sweden","Switzerland","Syria","Taiwan","Tajikistan","Tanzania","Thailand","Togo","Tonga","Trinidad and Tobago","Tunisia","Turkey","Turkmenistan","Tuvalu","Uganda","UK - Brit. Ntl. Overseas","UK - Brit. overseas citizen","UK - Brit. overseas terr.","UK - British citizen","Ukraine","United Arab Emirates","United States of America","Unknown","Uruguay","Uzbekistan","Vanuatu","Vatican City State","Venezuela","Vietnam","Western Sahara","Yemen","Zambia","Zimbabwe"]},"Country240569":{"seccion":"Question 7 A Your current country or territory of residence","hubspotProperty":"","options":["","Afghanistan","Albania","Algeria","Andorra","Angola","Anguilla","Antigua And Barbuda","Argentina","Armenia","Aruba","Australia","Austria","Azerbaijan","Azores","Bahamas","Bahrain","Bangladesh","Barbados","Belarus","Belgium","Belize","Benin","Bermuda","Bhutan","Bolivia","Bosnia and Herzegovina","Botswana","Brazil","British Virgin Islands","Brunei Darussalam","Bulgaria","Burkina Faso","Burma (Myanmar)","Burundi","Cabo Verde","Cambodia","Cameroon","Canada","Canary Islands","Cayman Islands","Central African Republic","Chad","Channel Islands","Chile","China","China (Hong Kong SAR)","China (Macao SAR)","Colombia","Comoros","Cook Islands","Costa Rica","Croatia","Cuba","Cyprus","Czech Republic","Democratic Rep. of Congo","Denmark","Djibouti","Dominica","Dominican Republic","East Timor","Ecuador","Egypt","El Salvador","England","Equatorial Guinea","Eritrea","Estonia","Ethiopia","Falkland Islands","Federated States of Micronesia","Fiji","Finland","Fr. South. and Antarctic Lands","France","French Guiana","French Polynesia","Gabon","Gambia","Georgia","Germany, Federal Republic Of","Ghana","Gibraltar","Greece","Greenland","Grenada","Guadeloupe","Guam","Guatemala","Guinea","Guinea-Bissau","Guyana","Haiti","Honduras","Hong Kong","Hungary","Iceland","India","Indonesia","Iran","Iraq","Ireland","Israel","Italy","Ivory Coast","Jamaica","Japan","Jordan","Kazakhstan","Kenya","Kiribati","Korea, North (DPRK)","Korea, South","Kosovo","Kuwait","Kyrgyzstan","Laos","Latvia","Lebanon","Lesotho","Liberia","Libya","Liechtenstein","Lithuania","Luxembourg","Macao","Macedonia","Madagascar","Madeira","Malawi","Malaysia","Maldives","Mali","Malta","Marshall Islands","Martinique","Mauritania","Mauritius","Mayotte","Mexico","Moldova","Monaco","Mongolia","Montenegro","Montserrat","Morocco","Mozambique","Namibia","Nauru","Nepal","Netherlands Antilles, The","Netherlands, The","Nevis","New Caledonia","New Zealand","Nicaragua","Niger","Nigeria","North Vietnam","Northern Ireland","Northern Mariana Islands","Norway","Oman","Pakistan","Palestinian Authority","Panama","Papua New Guinea","Paraguay","Peru","Philippines","Pitcairn Islands","Poland","Portugal","Puerto Rico","Qatar","Republic of Congo","Republic of Palau","Réunion","Romania","Russia","Rwanda","Saint Helena","Saint Kitts and Nevis","Saint Lucia","Saint Pierre and Miquelon","Saint-Martin","Samoa","Samoa, American","San Marino","Sao Tome and Principe","Saudi Arabia","Scotland","Senegal","Serbia, Republic Of","Seychelles","Sierra Leone","Singapore","Slovakia","Slovenia","Solomon Islands","Somalia","South Africa, Republic Of","South Sudan","Spain","Sri Lanka","St. Vincent and the Grenadines","Sudan","Suriname","Swaziland","Sweden","Switzerland","Syria","Taiwan","Tajikistan","Tanzania","Thailand","Togo","Tonga","Trinidad and Tobago","Tunisia","Turkey","Turkmenistan","Turks and Caicos Islands","Tuvalu","Uganda","Ukraine","United Arab Emirates","United States of America","Unknown","Uruguay","Uzbekistan","Vanuatu","Vatican City State","Venezuela","Vietnam","Virgin Islands, U.S.","Wales","Wallis and Futuna Is., Terr.","Western Sahara","Yemen","Zambia","Zimbabwe"]},"Status240570":{"seccion":"Question 7 B Your immigration status in your current country of residence","hubspotProperty":"","options":["","Citizen","Permanent resident","Visitor","Worker","Student","Other","Protected Person","Refugee Claimant","Foreign National"]},"Country240585":{"seccion":"Question 8 B Row 1 Country or Territory.  If you replied Yes to question 8 A, please give your previous country or territory of residence.","hubspotProperty":"","options":["","Afghanistan","Albania","Algeria","Andorra","Angola","Anguilla","Antigua And Barbuda","Argentina","Armenia","Aruba","Australia","Austria","Azerbaijan","Azores","Bahamas","Bahrain","Bangladesh","Barbados","Belarus","Belgium","Belize","Benin","Bermuda","Bhutan","Bolivia","Bosnia and Herzegovina","Botswana","Brazil","British Virgin Islands","Brunei Darussalam","Bulgaria","Burkina Faso","Burma (Myanmar)","Burundi","Cabo Verde","Cambodia","Cameroon","Canada","Canary Islands","Cayman Islands","Central African Republic","Chad","Channel Islands","Chile","China","China (Hong Kong SAR)","China (Macao SAR)","Colombia","Comoros","Cook Islands","Costa Rica","Croatia","Cuba","Cyprus","Czech Republic","Democratic Rep. of Congo","Denmark","Djibouti","Dominica","Dominican Republic","East Timor","Ecuador","Egypt","El Salvador","England","Equatorial Guinea","Eritrea","Estonia","Ethiopia","Falkland Islands","Federated States of Micronesia","Fiji","Finland","Fr. South. and Antarctic Lands","France","French Guiana","French Polynesia","Gabon","Gambia","Georgia","Germany, Federal Republic Of","Ghana","Gibraltar","Greece","Greenland","Grenada","Guadeloupe","Guam","Guatemala","Guinea","Guinea-Bissau","Guyana","Haiti","Honduras","Hong Kong","Hungary","Iceland","India","Indonesia","Iran","Iraq","Ireland","Israel","Italy","Ivory Coast","Jamaica","Japan","Jordan","Kazakhstan","Kenya","Kiribati","Korea, North (DPRK)","Korea, South","Kosovo","Kuwait","Kyrgyzstan","Laos","Latvia","Lebanon","Lesotho","Liberia","Libya","Liechtenstein","Lithuania","Luxembourg","Macao","Macedonia","Madagascar","Madeira","Malawi","Malaysia","Maldives","Mali","Malta","Marshall Islands","Martinique","Mauritania","Mauritius","Mayotte","Mexico","Moldova","Monaco","Mongolia","Montenegro","Montserrat","Morocco","Mozambique","Namibia","Nauru","Nepal","Netherlands Antilles, The","Netherlands, The","Nevis","New Caledonia","New Zealand","Nicaragua","Niger","Nigeria","North Vietnam","Northern Ireland","Northern Mariana Islands","Norway","Oman","Pakistan","Palestinian Authority","Panama","Papua New Guinea","Paraguay","Peru","Philippines","Pitcairn Islands","Poland","Portugal","Puerto Rico","Qatar","Republic of Congo","Republic of Palau","Réunion","Romania","Russia","Rwanda","Saint Helena","Saint Kitts and Nevis","Saint Lucia","Saint Pierre and Miquelon","Saint-Martin","Samoa","Samoa, American","San Marino","Sao Tome and Principe","Saudi Arabia","Scotland","Senegal","Serbia, Republic Of","Seychelles","Sierra Leone","Singapore","Slovakia","Slovenia","Solomon Islands","Somalia","South Africa, Republic Of","South Sudan","Spain","Sri Lanka","St. Vincent and the Grenadines","Sudan","Suriname","Swaziland","Sweden","Switzerland","Syria","Taiwan","Tajikistan","Tanzania","Thailand","Togo","Tonga","Trinidad and Tobago","Tunisia","Turkey","Turkmenistan","Turks and Caicos Islands","Tuvalu","Uganda","Ukraine","United Arab Emirates","United States of America","Unknown","Uruguay","Uzbekistan","Vanuatu","Vatican City State","Venezuela","Vietnam","Virgin Islands, U.S.","Wales","Wallis and Futuna Is., Terr.","Western Sahara","Yemen","Zambia","Zimbabwe"]},"Status240586":{"seccion":"Question 8 B Row 1 Status.  Your immigration status in your previous country or territory of residence","hubspotProperty":"","options":["","Citizen","Permanent resident","Visitor","Worker","Student","Other","Protected Person","Refugee Claimant","Foreign National"]},"Country240591":{"seccion":"Question 8 B Row 2 Country or Territory.  If you have more than one previous country or territory of residence, please give your other previous country or territory of residence.","hubspotProperty":"","options":["","Afghanistan","Albania","Algeria","Andorra","Angola","Anguilla","Antigua And Barbuda","Argentina","Armenia","Aruba","Australia","Austria","Azerbaijan","Azores","Bahamas","Bahrain","Bangladesh","Barbados","Belarus","Belgium","Belize","Benin","Bermuda","Bhutan","Bolivia","Bosnia and Herzegovina","Botswana","Brazil","British Virgin Islands","Brunei Darussalam","Bulgaria","Burkina Faso","Burma (Myanmar)","Burundi","Cabo Verde","Cambodia","Cameroon","Canada","Canary Islands","Cayman Islands","Central African Republic","Chad","Channel Islands","Chile","China","China (Hong Kong SAR)","China (Macao SAR)","Colombia","Comoros","Cook Islands","Costa Rica","Croatia","Cuba","Cyprus","Czech Republic","Democratic Rep. of Congo","Denmark","Djibouti","Dominica","Dominican Republic","East Timor","Ecuador","Egypt","El Salvador","England","Equatorial Guinea","Eritrea","Estonia","Ethiopia","Falkland Islands","Federated States of Micronesia","Fiji","Finland","Fr. South. and Antarctic Lands","France","French Guiana","French Polynesia","Gabon","Gambia","Georgia","Germany, Federal Republic Of","Ghana","Gibraltar","Greece","Greenland","Grenada","Guadeloupe","Guam","Guatemala","Guinea","Guinea-Bissau","Guyana","Haiti","Honduras","Hong Kong","Hungary","Iceland","India","Indonesia","Iran","Iraq","Ireland","Israel","Italy","Ivory Coast","Jamaica","Japan","Jordan","Kazakhstan","Kenya","Kiribati","Korea, North (DPRK)","Korea, South","Kosovo","Kuwait","Kyrgyzstan","Laos","Latvia","Lebanon","Lesotho","Liberia","Libya","Liechtenstein","Lithuania","Luxembourg","Macao","Macedonia","Madagascar","Madeira","Malawi","Malaysia","Maldives","Mali","Malta","Marshall Islands","Martinique","Mauritania","Mauritius","Mayotte","Mexico","Moldova","Monaco","Mongolia","Montenegro","Montserrat","Morocco","Mozambique","Namibia","Nauru","Nepal","Netherlands Antilles, The","Netherlands, The","Nevis","New Caledonia","New Zealand","Nicaragua","Niger","Nigeria","North Vietnam","Northern Ireland","Northern Mariana Islands","Norway","Oman","Pakistan","Palestinian Authority","Panama","Papua New Guinea","Paraguay","Peru","Philippines","Pitcairn Islands","Poland","Portugal","Puerto Rico","Qatar","Republic of Congo","Republic of Palau","Réunion","Romania","Russia","Rwanda","Saint Helena","Saint Kitts and Nevis","Saint Lucia","Saint Pierre and Miquelon","Saint-Martin","Samoa","Samoa, American","San Marino","Sao Tome and Principe","Saudi Arabia","Scotland","Senegal","Serbia, Republic Of","Seychelles","Sierra Leone","Singapore","Slovakia","Slovenia","Solomon Islands","Somalia","South Africa, Republic Of","South Sudan","Spain","Sri Lanka","St. Vincent and the Grenadines","Sudan","Suriname","Swaziland","Sweden","Switzerland","Syria","Taiwan","Tajikistan","Tanzania","Thailand","Togo","Tonga","Trinidad and Tobago","Tunisia","Turkey","Turkmenistan","Turks and Caicos Islands","Tuvalu","Uganda","Ukraine","United Arab Emirates","United States of America","Unknown","Uruguay","Uzbekistan","Vanuatu","Vatican City State","Venezuela","Vietnam","Virgin Islands, U.S.","Wales","Wallis and Futuna Is., Terr.","Western Sahara","Yemen","Zambia","Zimbabwe"]},"Status240592":{"seccion":"Question 8 B Row 2 Status.  Your immigration status in your previous country of residence","hubspotProperty":"","options":["","Citizen","Permanent resident","Visitor","Worker","Student","Other","Protected Person","Refugee Claimant","Foreign National"]},"Country240614":{"seccion":"Question 9 B Country or Territory.  If you replied No to question 9 A, please give the country or territory from where you are applying.","hubspotProperty":"","options":["","Afghanistan","Albania","Algeria","Andorra","Angola","Anguilla","Antigua And Barbuda","Argentina","Armenia","Aruba","Australia","Austria","Azerbaijan","Azores","Bahamas","Bahrain","Bangladesh","Barbados","Belarus","Belgium","Belize","Benin","Bermuda","Bhutan","Bolivia","Bosnia and Herzegovina","Botswana","Brazil","British Virgin Islands","Brunei Darussalam","Bulgaria","Burkina Faso","Burma (Myanmar)","Burundi","Cabo Verde","Cambodia","Cameroon","Canada","Canary Islands","Cayman Islands","Central African Republic","Chad","Channel Islands","Chile","China","China (Hong Kong SAR)","China (Macao SAR)","Colombia","Comoros","Cook Islands","Costa Rica","Croatia","Cuba","Cyprus","Czech Republic","Democratic Rep. of Congo","Denmark","Djibouti","Dominica","Dominican Republic","East Timor","Ecuador","Egypt","El Salvador","England","Equatorial Guinea","Eritrea","Estonia","Ethiopia","Falkland Islands","Federated States of Micronesia","Fiji","Finland","Fr. South. and Antarctic Lands","France","French Guiana","French Polynesia","Gabon","Gambia","Georgia","Germany, Federal Republic Of","Ghana","Gibraltar","Greece","Greenland","Grenada","Guadeloupe","Guam","Guatemala","Guinea","Guinea-Bissau","Guyana","Haiti","Honduras","Hong Kong","Hungary","Iceland","India","Indonesia","Iran","Iraq","Ireland","Israel","Italy","Ivory Coast","Jamaica","Japan","Jordan","Kazakhstan","Kenya","Kiribati","Korea, North (DPRK)","Korea, South","Kosovo","Kuwait","Kyrgyzstan","Laos","Latvia","Lebanon","Lesotho","Liberia","Libya","Liechtenstein","Lithuania","Luxembourg","Macao","Macedonia","Madagascar","Madeira","Malawi","Malaysia","Maldives","Mali","Malta","Marshall Islands","Martinique","Mauritania","Mauritius","Mayotte","Mexico","Moldova","Monaco","Mongolia","Montenegro","Montserrat","Morocco","Mozambique","Namibia","Nauru","Nepal","Netherlands Antilles, The","Netherlands, The","Nevis","New Caledonia","New Zealand","Nicaragua","Niger","Nigeria","North Vietnam","Northern Ireland","Northern Mariana Islands","Norway","Oman","Pakistan","Palestinian Authority","Panama","Papua New Guinea","Paraguay","Peru","Philippines","Pitcairn Islands","Poland","Portugal","Puerto Rico","Qatar","Republic of Congo","Republic of Palau","Réunion","Romania","Russia","Rwanda","Saint Helena","Saint Kitts and Nevis","Saint Lucia","Saint Pierre and Miquelon","Saint-Martin","Samoa","Samoa, American","San Marino","Sao Tome and Principe","Saudi Arabia","Scotland","Senegal","Serbia, Republic Of","Seychelles","Sierra Leone","Singapore","Slovakia","Slovenia","Solomon Islands","Somalia","South Africa, Republic Of","South Sudan","Spain","Sri Lanka","St. Vincent and the Grenadines","Sudan","Suriname","Swaziland","Sweden","Switzerland","Syria","Taiwan","Tajikistan","Tanzania","Thailand","Togo","Tonga","Trinidad and Tobago","Tunisia","Turkey","Turkmenistan","Turks and Caicos Islands","Tuvalu","Uganda","Ukraine","United Arab Emirates","United States of America","Unknown","Uruguay","Uzbekistan","Vanuatu","Vatican City State","Venezuela","Vietnam","Virgin Islands, U.S.","Wales","Wallis and Futuna Is., Terr.","Western Sahara","Yemen","Zambia","Zimbabwe"]},"Status240615":{"seccion":"Question 9 B Status.  Your immigration status in the country from where you are applying.","hubspotProperty":"","options":["","Citizen","Permanent resident","Visitor","Worker","Student","Other","Protected Person","Refugee Claimant","Foreign National"]},"MaritalStatus240629":{"seccion":"Question 10 A.  Your current marital status","hubspotProperty":"","options":["","Annulled Marriage","Common-Law","Divorced","Married","Separated","Single","Unknown","Widowed"]},"TypeOfRelationship240654":{"seccion":"Question 11 C Type of Relationship.  If you replied Yes to question 11 A, please indicate if your status was married or common-law.","hubspotProperty":"","options":["","Common-Law","Married"]},"nativeLang240669":{"seccion":"Languages Section Question 1 A : Native language/Mother Tongue. Please provide your native language.","hubspotProperty":"","options":["","Ada","Adama","Afar","Afghan","Afrikaans","Agbor","Aka","Akan","Akim","Aklanon","Akra","Akwapim","Albanian","Albanian, Greece","Albanian, Italy","American Sign Lang.","Amharic","Arabic","Arabic Standard","Arabic, Algeria","Arabic, Chad","Arabic, Egypt","Arabic, Irak","Arabic, Lebanon, Levantine","Arabic, Libya","Arabic, Morocco","Arabic, Sudan","Arabic, Syria","Arabic, Tunisia","Arabic, Yemen, Judeo-Yemeni","Aranese","Armenian","Armenian, West","Armenian, Western","Ashanti","Assyrian","Atwot","Azerbaijani, North","Azerbaijani, South","Azeri","Bajuni","Balochi East Pak","Balochi South Pak","Balochi West Pak","Baluchi","Bambara","Bamileke","Bantu","Baoule","Barawa","Barbawa","Bassa","Belarusian","Belen","Bemba","Bengali","Bengali Sylhetti","Beni","Benin","Berber","Bikol","Bini","Bissa","Boguni","Bontok","Bosnian","Brava","Breton","British Sign Language","Brong","Buganda","Bulgarian","Burmese","Busan","Cambodian","Cantonese","Capizeno","Catalan","Cebuano","Chadian Sign Language","Chakma","Chaldean","Changle","Chaocho","Chavacano","Chechen","Chichewa","Chinese","Chinese, Min Nan","Chinese, Yue","Chinese, Yuh","Chowchau","Chung Shan","Comorian","Concani","Creole","Creole, Haiti","Croatian","Czech","Dangbe","Danish","Dari","Dari, Peve","Dari/Farsi, Eastern","Deaf-mute","Dendi","Dhopadhola","Diakanke","Dinka, Northeastern","Dinka, Northwestern","Dinka, South Central","Dinka, Southern","Dinka, Southwestern, Twi, Tuic","Dioula","Divehi","Divehi, Maldivian","Dogri","Dutch","Eastern Armenian","Edo","Edo, Kailo, Ledo","Efik","English","Enping","Eritrean","Esan","Estonian","Ewe","Facilitator/Articulator","Fang","Fanti","Farsi","Farsi, Western","Fiji","Findhi","Finnish","Flemish","Fon","Foochow","Foullah","Frafra","Frafra, Gurenne","French","Fujian","Fukien","Fulani","Fuqing","Futa","Ga","Ga, Adangme-Krobo","Gaelic","Georgian","German","Gio","Gio, Gio-Dan","Greek","Guerze","Gujarati","Gurage","Gurage, East","Gurage, North","Gurage, West","Guyanese","Guyroti","Gypsy","Hadiyya","Hainanese","Hakka","Harara","Harary","Hargar","Hasanya","Hausa","Hebrew","Hebrew, Yemen","Henan/Jinyu","Hiligaynon","Hindi","Hindi Dogri","Hindi, Fijian","Hindi, Hin, Nyaheun","Hindko","Hindko, Northern","Hindko, Southern","Hindu, Hindi, Caribbean","Hokkien","Hubei","Huizhou/Yanzhou","Hunan/Xiang","Hungarian","Ibibio","Icelandic","Igbo","Igorot","Iiongo","Ika","Ilican","Ilocano","Indonesian","Interp. Not Required","Ishen","Isoko","Italian","Itshekiri","Izi","Jadgali, Pakistan","Jamaican","Japanese","Javanese","Jianxi","Jolay","Kabyle","Kacchi","Kaiping","Kakwa","Kandahari","Kangri, India","Kangri, Kanjari","Kankani","Kannada","Kaonde, Dari","Kashmiri","Kazakh","Kepelle","Khmer","Kiboma","Kihavu","Kikongo","Kikuyu","Kikuyu, Gikuyu","Kinaraya","Kinyarwanda","Kinyarwanda, Rwanda","Kirundi","Kirundi, Rundi","Kiswahili","Konkani","Korean","Krio","Krobo","Kru, Klao","Kru, Krumen, Tepo","Kurdish","Kurdish Bandinani, Behdini","Kurdish-Central, Kurdi, Sorani","Kurdish-Northern, Kurmanji,","Kwale, Nigeria","Kwale, Papua","Laotian","Lateh","Latvian","Lebanese","Lengie","Limba","Lingala","Linyawanda","Lithuanian","Lowma","Luba-Kasai","Luganda","Lugisu","Luo","Lutoro","Macedonian","Macena","Maghreb","Mahou","Makonde","Makua","Malagasy","Malay","Malayalam","Malgache, Malagasy","Maligo","Malinke, Jula","Maltese","Mandarin","Mandiga, Mandinga","Mandingo","Mandingo, Maninka","Mandingo, Manya","Maninka","Mano","Marakha","Marathi","Masaba","Mashi","Maymay, Somalia","Mende","Meru","Mina","Mina, Gen-Gbe","Mirpuri","Mizo","Moldovan","Moldovan, Romanian","Mongolian","Mongolian, Halh","Moor, Bimoba","Moore","Moore, Burkina","Moore, Waropen","Morisyen","Nahuatl, Classical","Navajo","Ndebele","Ndebele, South Africa","Ndebele, Zimbabwe","Ndjamena","Nepali","Nigerian, Pidgin","Nigerien","Nobiin","Norwegian","Nuer","Nyanja","Nzema","Okpe","Ora","Oriya","Oromo","Oromo, Borana-Arsi-Gujii","Oromo, Qotu","Oromo, Qotu, West Central","Osal","Other","Ouighour","Pahari","Pampango","Pangasinan","Pashto","Pashto, Central","Pashto, Southern","Persian","Peul","Peul, Benin-Togo","Peul, Bororro","Peul, Fulfulde, Adamawa","Peul, Fulfulde, Jelgoore","Phuockien","Pidgin","Pidgin English","Piugon","Polish","Portuguese","Portuguese, Angola","Portuguese, Brazil","Portuguese, Guinea-Bissau","Poular","Punjabi","Pushta","Pushta, Pushto","Pu-Xian","Quechua","Rindre","Rohingya","Romani, Campathian","Romani, Carpathian","Romani, Cigaly","Romani, Cigany","Romani, Vlach","Romani, Vlach, Gypsy","Romanian","Ronga","Rukiga","Runyankole","Russian","Samoan","Samoli","Sango","Santi","Sarahuley","Saraiki","Scoula","Sechuan","Sefwi","Serbian","Serbo-Croatian","Sesotho","Seswi","Setswana","Seychelles","Seychelles,Creole Fre.,Seselwa","Shai","Shan","Shan Dong","Shan Tao","Shanghainese","Shansai","Shanxi","Shona","Sichuan/Szechuan","Sign Language French","Sindhi","Sinhala","Siyap","Slovak","Slovenian","Somali","Somba","Soninke","Soninke, Marakha","Sotho","Sotho, Northern","Sotho, Southern","Spanish","Suesue","Sukuma","Susu","Swahili","Swahili/Congo","Swahili/Kenya","Swati","Swatow","Swedish","Tagalog","Taichew","Taishanese","Taiwanese","Tajiki","Tamil","Tari","Tatar","Tatshanese","Telugu","Temne","Teochew","Thai","Tibetan","Tichiew","Tigre","Tigrea, Tigre","Tigrinya","Timini","Tiv","Tooro","Tshiluba","Turkish","Turkmen","Turkoman","Twi","Uhrobo","Uigrigma","Ukrainian","Ukwuani, Ukwuani-Aboh","Umbundu","Unama","Urdu","Uzbek","Vietnamese","Visayan","Waray-Waray","Welsh","Wenzhou","Wolof","Xangawe","Xhosa","Xin Hui","Xitswa","Xitswa, Twsa","Yacooba","Yao","Yemenite","Yiboe","Yiddish","Yinping","Yoruba","Yue Yang","Yugoslavian","Zaza","Zaza, Kirmanjki","Zshiluba","Zuganda","Zulu"]},"ableToCommunicate240671":{"seccion":"Languages Section Question 1 B :  Are you able to communicate in English and/or French?","hubspotProperty":"","options":["","English","French","Both","Neither"]},"lov240672":{"seccion":"Languages Section Question 1 C :  In which language are you most at ease?","hubspotProperty":"","options":["","English","French"]},"CountryofIssue240679":{"seccion":"Question 2. The country or territory that issued your passport","hubspotProperty":"","options":["","AFG (Afghanistan)","AGO (Angola)","ALB (Albania)","AND (Andorra)","ANG (Anguilla)","ARE (United Arab Emirates)","ARG (Argentina)","ARM (Armenia)","ATG (Antigua And Barbuda)","AUS (Australia)","AUT (Austria)","AZE (Azerbaijan)","BDI (Burundi)","BEL (Belgium)","BEN (Benin)","BFA (Burkina Faso)","BGD (Bangladesh)","BGR (Bulgaria)","BHR (Bahrain)","BHS (Bahamas)","BIH (Bosnia and Herzegovina)","BLR (Belarus)","BLZ (Belize)","BMU (Bermuda)","BOL (Bolivia)","BRA (Brazil)","BRB (Barbados)","BRN (Brunei Darussalam)","BTN (Bhutan)","BWA (Botswana)","CAF (Central African Republic)","CAN (Canada)","CHE (Switzerland)","CHL (Chile)","CHN (China (Hong Kong SAR))","CHN (China (Macao SAR))","CHN (China)","CIV (Ivory Coast)","CMR (Cameroon)","COD (Democratic Rep. of Congo)","COG (Republic of Congo)","COL (Colombia)","COM (Comoros)","CPV (Cabo Verde)","CRI (Costa Rica)","CUB (Cuba)","CYM (Cayman Islands)","CYP (Cyprus)","CZE (Czech Republic)","D (Germany, Federal Republic Of)","DJI (Djibouti)","DMA (Dominica)","DNK (Denmark)","DOM (Dominican Republic)","DZA (Algeria)","ECU (Ecuador)","EGY (Egypt)","ERI (Eritrea)","ESP (Spain)","EST (Estonia)","ETH (Ethiopia)","FIN (Finland)","FJI (Fiji)","FRA (France)","FSM (Federated States of Micronesia)","GAB (Gabon)","GBD (UK - Brit. overseas terr.)","GBN (UK - Brit. Ntl. Overseas)","GBO (UK - Brit. overseas citizen)","GBP (UK - Brit. protected person)","GBR (UK - British citizen)","GBS (UK - British subject)","GEO (Georgia)","GHA (Ghana)","GIN (Guinea)","GMB (Gambia)","GNB (Guinea-Bissau)","GNQ (Equatorial Guinea)","GRC (Greece)","GRD (Grenada)","GTM (Guatemala)","GUY (Guyana)","HND (Honduras)","HRV (Croatia)","HTI (Haiti)","HUN (Hungary)","IDN (Indonesia)","IND (India)","IRL (Ireland)","IRN (Iran)","IRQ (Iraq)","ISL (Iceland)","ISR (Israel)","ITA (Italy)","JAM (Jamaica)","JOR (Jordan)","JPN (Japan)","KAZ (Kazakhstan)","KEN (Kenya)","KGZ (Kyrgyzstan)","KHM (Cambodia)","KIR (Kiribati)","KNA (Saint Kitts and Nevis)","KOR (Korea, South)","KWT (Kuwait)","LAO (Laos)","LBN (Lebanon)","LBR (Liberia)","LBY (Libya)","LCA (Saint Lucia)","LIE (Liechtenstein)","LKA (Sri Lanka)","LSO (Lesotho)","LTU (Lithuania)","LUX (Luxembourg)","LVA (Latvia)","MAR (Morocco)","MCO (Monaco)","MDA (Moldova)","MDG (Madagascar)","MDV (Maldives)","MEX (Mexico)","MHL (Marshall Islands)","MKD (Macedonia)","MLI (Mali)","MLT (Malta)","MMR (Burma (Myanmar))","MNE (Montenegro)","MNG (Mongolia)","MOZ (Mozambique)","MRT (Mauritania)","MSR (Montserrat)","MUS (Mauritius)","MWI (Malawi)","MYS (Malaysia)","NAM (Namibia)","NER (Niger)","NGA (Nigeria)","NIC (Nicaragua)","NLD (Netherlands, The)","NOR (Norway)","NPL (Nepal)","NRU (Nauru)","NZL (New Zealand)","OMN (Oman)","PAK (Pakistan)","PAN (Panama)","PER (Peru)","PHL (Philippines)","PLW (Republic of Palau)","PNG (Papua New Guinea)","POL (Poland)","PRK (Korea, North (DPRK))","PRT (Portugal)","PRY (Paraguay)","PSE (Palestinian Authority)","QAT (Qatar)","RKS (Kosovo)","ROU (Romania)","RUS (Russia)","RWA (Rwanda)","SAU (Saudi Arabia)","SDN (Sudan)","SEN (Senegal)","SGP (Singapore)","SHN (Saint Helena)","SLB (Solomon Islands)","SLE (Sierra Leone)","SLV (El Salvador)","SMR (San Marino)","SOM (Somalia)","SRB (Serbia, Republic Of)","SSD (South Sudan)","STP (Sao Tome and Principe)","SUR (Suriname)","SVK (Slovakia)","SVN (Slovenia)","SWE (Sweden)","SWZ (Swaziland)","SYC (Seychelles)","SYR (Syria)","TCA (Turks and Caicos Islands)","TCD (Chad)","TGO (Togo)","THA (Thailand)","TJK (Tajikistan)","TKM (Turkmenistan)","TLS (East Timor)","TON (Tonga)","TTO (Trinidad and Tobago)","TUN (Tunisia)","TUR (Turkey)","TUV (Tuvalu)","TWN (Taiwan)","TZA (Tanzania)","UGA (Uganda)","UKR (Ukraine)","UNA (UN specialized agency)","UNO (UN or official)","URY (Uruguay)","USA (United States of America)","UZB (Uzbekistan)","VAT (Vatican City State)","VCT (St. Vincent and the Grenadines)","VEN (Venezuela)","VGB (British Virgin Islands)","VNM (Vietnam)","VUT (Vanuatu)","WSM (Samoa)","YEM (Yemen)","ZAF (South Africa, Republic Of)","ZMB (Zambia)","ZWE (Zimbabwe)"]},"CountryofIssue240699":{"seccion":"Question 3.  The country or territory that issued your National Identity document","hubspotProperty":"","options":["","AFG (Afghanistan)","AGO (Angola)","ALB (Albania)","AND (Andorra)","ANG (Anguilla)","ARE (United Arab Emirates)","ARG (Argentina)","ARM (Armenia)","ATG (Antigua And Barbuda)","AUS (Australia)","AUT (Austria)","AZE (Azerbaijan)","BDI (Burundi)","BEL (Belgium)","BEN (Benin)","BFA (Burkina Faso)","BGD (Bangladesh)","BGR (Bulgaria)","BHR (Bahrain)","BHS (Bahamas)","BIH (Bosnia and Herzegovina)","BLR (Belarus)","BLZ (Belize)","BMU (Bermuda)","BOL (Bolivia)","BRA (Brazil)","BRB (Barbados)","BRN (Brunei Darussalam)","BTN (Bhutan)","BWA (Botswana)","CAF (Central African Republic)","CAN (Canada)","CHE (Switzerland)","CHL (Chile)","CHN (China (Hong Kong SAR))","CHN (China (Macao SAR))","CHN (China)","CIV (Ivory Coast)","CMR (Cameroon)","COD (Democratic Rep. of Congo)","COG (Republic of Congo)","COL (Colombia)","COM (Comoros)","CPV (Cabo Verde)","CRI (Costa Rica)","CUB (Cuba)","CYM (Cayman Islands)","CYP (Cyprus)","CZE (Czech Republic)","D (Germany, Federal Republic Of)","DJI (Djibouti)","DMA (Dominica)","DNK (Denmark)","DOM (Dominican Republic)","DZA (Algeria)","ECU (Ecuador)","EGY (Egypt)","ERI (Eritrea)","ESP (Spain)","EST (Estonia)","ETH (Ethiopia)","FIN (Finland)","FJI (Fiji)","FRA (France)","FSM (Federated States of Micronesia)","GAB (Gabon)","GBD (UK - Brit. overseas terr.)","GBN (UK - Brit. Ntl. Overseas)","GBO (UK - Brit. overseas citizen)","GBP (UK - Brit. protected person)","GBR (UK - British citizen)","GBS (UK - British subject)","GEO (Georgia)","GHA (Ghana)","GIN (Guinea)","GMB (Gambia)","GNB (Guinea-Bissau)","GNQ (Equatorial Guinea)","GRC (Greece)","GRD (Grenada)","GTM (Guatemala)","GUY (Guyana)","HND (Honduras)","HRV (Croatia)","HTI (Haiti)","HUN (Hungary)","IDN (Indonesia)","IND (India)","IRL (Ireland)","IRN (Iran)","IRQ (Iraq)","ISL (Iceland)","ISR (Israel)","ITA (Italy)","JAM (Jamaica)","JOR (Jordan)","JPN (Japan)","KAZ (Kazakhstan)","KEN (Kenya)","KGZ (Kyrgyzstan)","KHM (Cambodia)","KIR (Kiribati)","KNA (Saint Kitts and Nevis)","KOR (Korea, South)","KWT (Kuwait)","LAO (Laos)","LBN (Lebanon)","LBR (Liberia)","LBY (Libya)","LCA (Saint Lucia)","LIE (Liechtenstein)","LKA (Sri Lanka)","LSO (Lesotho)","LTU (Lithuania)","LUX (Luxembourg)","LVA (Latvia)","MAR (Morocco)","MCO (Monaco)","MDA (Moldova)","MDG (Madagascar)","MDV (Maldives)","MEX (Mexico)","MHL (Marshall Islands)","MKD (Macedonia)","MLI (Mali)","MLT (Malta)","MMR (Burma (Myanmar))","MNE (Montenegro)","MNG (Mongolia)","MOZ (Mozambique)","MRT (Mauritania)","MSR (Montserrat)","MUS (Mauritius)","MWI (Malawi)","MYS (Malaysia)","NAM (Namibia)","NER (Niger)","NGA (Nigeria)","NIC (Nicaragua)","NLD (Netherlands, The)","NOR (Norway)","NPL (Nepal)","NRU (Nauru)","NZL (New Zealand)","OMN (Oman)","PAK (Pakistan)","PAN (Panama)","PER (Peru)","PHL (Philippines)","PLW (Republic of Palau)","PNG (Papua New Guinea)","POL (Poland)","PRK (Korea, North (DPRK))","PRT (Portugal)","PRY (Paraguay)","PSE (Palestinian Authority)","QAT (Qatar)","RKS (Kosovo)","ROU (Romania)","RUS (Russia)","RWA (Rwanda)","SAU (Saudi Arabia)","SDN (Sudan)","SEN (Senegal)","SGP (Singapore)","SHN (Saint Helena)","SLB (Solomon Islands)","SLE (Sierra Leone)","SLV (El Salvador)","SMR (San Marino)","SOM (Somalia)","SRB (Serbia, Republic Of)","SSD (South Sudan)","STP (Sao Tome and Principe)","SUR (Suriname)","SVK (Slovakia)","SVN (Slovenia)","SWE (Sweden)","SWZ (Swaziland)","SYC (Seychelles)","SYR (Syria)","TCA (Turks and Caicos Islands)","TCD (Chad)","TGO (Togo)","THA (Thailand)","TJK (Tajikistan)","TKM (Turkmenistan)","TLS (East Timor)","TON (Tonga)","TTO (Trinidad and Tobago)","TUN (Tunisia)","TUR (Turkey)","TUV (Tuvalu)","TWN (Taiwan)","TZA (Tanzania)","UGA (Uganda)","UKR (Ukraine)","UNA (UN specialized agency)","UNO (UN or official)","URY (Uruguay)","USA (United States of America)","UZB (Uzbekistan)","VAT (Vatican City State)","VCT (St. Vincent and the Grenadines)","VEN (Venezuela)","VGB (British Virgin Islands)","VNM (Vietnam)","VUT (Vanuatu)","WSM (Samoa)","YEM (Yemen)","ZAF (South Africa, Republic Of)","ZMB (Zambia)","ZWE (Zimbabwe)"]},"Country240726":{"seccion":"Question 1 Current mailing address country or territory","hubspotProperty":"","options":["","Afghanistan","Aland Island","Albania","Algeria","Andorra","Angola","Anguilla","Antigua And Barbuda","Argentina","Armenia","Aruba","Australia","Austria","Azerbaijan","Bahamas","Bahrain","Bailwick of Jersey","Bangladesh","Barbados","Belarus","Belgium","Belize","Benin","Bermuda","Bhutan","Bolivia","Bonaire, Sint Eustatius, Saba","Bosnia and Herzegovina","Botswana","Bouvet Island","Brazil","British Indian Ocean Territory","British Virgin Islands","Brunei Darussalam","Bulgaria","Burkina Faso","Burma (Myanmar)","Burundi","Cabo Verde","Cambodia","Cameroon","Canada","Canary Islands","Cayman Islands","Central African Republic","Chad","Channel Islands","Chile","China","China (Hong Kong SAR)","China (Macao SAR)","Christmas Island","Colombia","Comoros","Cook Islands","Costa Rica","Croatia","Cuba","Curaçao","Cyprus","Czech Republic","Czechoslovakia","Democratic Rep. of Congo","Denmark","Djibouti","Dominica","Dominican Republic","East Timor","Ecuador","Egypt","El Salvador","England","Equatorial Guinea","Eritrea","Estonia","Ethiopia","Falkland Islands","Faroe Islands","Federated States of Micronesia","Fiji","Finland","Fr. South. and Antarctic Lands","France","French Guiana","French Polynesia","Gabon","Gambia","Georgia","Germany, Federal Republic Of","Ghana","Gibraltar","Greece","Greenland","Grenada","Guadeloupe","Guam","Guatemala","Guernsey","Guinea","Guinea-Bissau","Guyana","Haiti","Heard and MacDonald Islands","Honduras","Hong Kong","Hungary","Iceland","India","Indonesia","Iran","Iraq","Ireland","Isle of Man","Israel","Italy","Ivory Coast","Jamaica","Japan","Jordan","Kazakhstan","Kenya","Kiribati","Korea, North (DPRK)","Korea, South","Kosovo","Kuwait","Kyrgyzstan","Laos","Latvia","Lebanon","Lesotho","Liberia","Libya","Liechtenstein","Lithuania","Luxembourg","Macao","Macedonia","Madagascar","Madeira","Malawi","Malaysia","Maldives","Mali","Malta","Marshall Islands","Martinique","Mauritania","Mauritius","Mayotte","Mexico","Moldova","Monaco","Mongolia","Montenegro","Montserrat","Morocco","Mozambique","Namibia","Nauru","Nepal","Netherlands Antilles, The","Netherlands, The","Nevis","New Caledonia","New Zealand","Nicaragua","Niger","Nigeria","Niue","Northern Ireland","Northern Mariana Islands","Norway","Oman","Pakistan","Palestinian Authority","Panama","Papua New Guinea","Paraguay","Peru","Philippines","Pitcairn Islands","Poland","Portugal","Puerto Rico","Qatar","Republic of Congo","Republic of Palau","Réunion","Romania","Russia","Rwanda","Saint Helena","Saint Kitts and Nevis","Saint Lucia","Saint Pierre and Miquelon","Saint-Barthelemy","Saint-Martin","Samoa","Samoa, American","San Marino","Sao Tome and Principe","Saudi Arabia","Scotland","Senegal","Serbia And Montenegro","Serbia, Republic Of","Seychelles","Sierra Leone","Singapore","Sint-Maarten","Slovakia","Slovenia","Solomon Islands","Somalia","South Africa, Republic Of","South Sudan","Spain","Sri Lanka","St. Vincent and the Grenadines","Sudan","Suriname","Swaziland","Sweden","Switzerland","Syria","Taiwan","Tajikistan","Tanzania","Thailand","Tibet (Autonomous Region)","Togo","Tokelau","Tonga","Trinidad and Tobago","Tunisia","Turkey","Turkmenistan","Turks and Caicos Islands","Tuvalu","U.S. Minor outlying Islands","Uganda","Ukraine","Union Of Soviet Socialist Rep","United Arab Emirates","United States of America","Unknown","Uruguay","Uzbekistan","Vanuatu","Vatican City State","Venezuela","Vietnam","Virgin Islands, U.S.","Wales","Wallis and Futuna Is., Terr.","Western Sahara","Yemen","Yugoslavia","Zambia","Zimbabwe"]},"ProvinceState240728":{"seccion":"Question 1 Current mailing address province or state only if the country is Canada or the United States","hubspotProperty":"","options":["","AB","BC","MB","NB","NL","NS","NT","NU","ON","PE","QC","SK","YT"]},"Country240744":{"seccion":"Question 2 Residential address country or territory","hubspotProperty":"","options":["","Afghanistan","Aland Island","Albania","Algeria","Andorra","Angola","Anguilla","Antigua And Barbuda","Argentina","Armenia","Aruba","Australia","Austria","Azerbaijan","Bahamas","Bahrain","Bailwick of Jersey","Bangladesh","Barbados","Belarus","Belgium","Belize","Benin","Bermuda","Bhutan","Bolivia","Bonaire, Sint Eustatius, Saba","Bosnia and Herzegovina","Botswana","Bouvet Island","Brazil","British Indian Ocean Territory","British Virgin Islands","Brunei Darussalam","Bulgaria","Burkina Faso","Burma (Myanmar)","Burundi","Cabo Verde","Cambodia","Cameroon","Canada","Canary Islands","Cayman Islands","Central African Republic","Chad","Channel Islands","Chile","China","China (Hong Kong SAR)","China (Macao SAR)","Christmas Island","Colombia","Comoros","Cook Islands","Costa Rica","Croatia","Cuba","Curaçao","Cyprus","Czech Republic","Czechoslovakia","Democratic Rep. of Congo","Denmark","Djibouti","Dominica","Dominican Republic","East Timor","Ecuador","Egypt","El Salvador","England","Equatorial Guinea","Eritrea","Estonia","Ethiopia","Falkland Islands","Faroe Islands","Federated States of Micronesia","Fiji","Finland","Fr. South. and Antarctic Lands","France","French Guiana","French Polynesia","Gabon","Gambia","Georgia","Germany, Federal Republic Of","Ghana","Gibraltar","Greece","Greenland","Grenada","Guadeloupe","Guam","Guatemala","Guernsey","Guinea","Guinea-Bissau","Guyana","Haiti","Heard and MacDonald Islands","Honduras","Hong Kong","Hungary","Iceland","India","Indonesia","Iran","Iraq","Ireland","Isle of Man","Israel","Italy","Ivory Coast","Jamaica","Japan","Jordan","Kazakhstan","Kenya","Kiribati","Korea, North (DPRK)","Korea, South","Kosovo","Kuwait","Kyrgyzstan","Laos","Latvia","Lebanon","Lesotho","Liberia","Libya","Liechtenstein","Lithuania","Luxembourg","Macao","Macedonia","Madagascar","Madeira","Malawi","Malaysia","Maldives","Mali","Malta","Marshall Islands","Martinique","Mauritania","Mauritius","Mayotte","Mexico","Moldova","Monaco","Mongolia","Montenegro","Montserrat","Morocco","Mozambique","Namibia","Nauru","Nepal","Netherlands Antilles, The","Netherlands, The","Nevis","New Caledonia","New Zealand","Nicaragua","Niger","Nigeria","Niue","Northern Ireland","Northern Mariana Islands","Norway","Oman","Pakistan","Palestinian Authority","Panama","Papua New Guinea","Paraguay","Peru","Philippines","Pitcairn Islands","Poland","Portugal","Puerto Rico","Qatar","Republic of Congo","Republic of Palau","Réunion","Romania","Russia","Rwanda","Saint Helena","Saint Kitts and Nevis","Saint Lucia","Saint Pierre and Miquelon","Saint-Barthelemy","Saint-Martin","Samoa","Samoa, American","San Marino","Sao Tome and Principe","Saudi Arabia","Scotland","Senegal","Serbia And Montenegro","Serbia, Republic Of","Seychelles","Sierra Leone","Singapore","Sint-Maarten","Slovakia","Slovenia","Solomon Islands","Somalia","South Africa, Republic Of","South Sudan","Spain","Sri Lanka","St. Vincent and the Grenadines","Sudan","Suriname","Swaziland","Sweden","Switzerland","Syria","Taiwan","Tajikistan","Tanzania","Thailand","Tibet (Autonomous Region)","Togo","Tokelau","Tonga","Trinidad and Tobago","Tunisia","Turkey","Turkmenistan","Turks and Caicos Islands","Tuvalu","U.S. Minor outlying Islands","Uganda","Ukraine","Union Of Soviet Socialist Rep","United Arab Emirates","United States of America","Unknown","Uruguay","Uzbekistan","Vanuatu","Vatican City State","Venezuela","Vietnam","Virgin Islands, U.S.","Wales","Wallis and Futuna Is., Terr.","Western Sahara","Yemen","Yugoslavia","Zambia","Zimbabwe"]},"ProvinceState240746":{"seccion":"Question 2 Residential address province or state only if country is Canada or the United States","hubspotProperty":"","options":["","AB","BC","MB","NB","NL","NS","NT","NU","ON","PE","QC","SK","YT"]},"Type240753":{"seccion":"Question 3 Type of telephone","hubspotProperty":"","options":["","Residence","Cellular","Business"]},"Type240766":{"seccion":"Question 4 Alternate Telephone Type","hubspotProperty":"","options":["","Residence","Cellular","Business"]},"Program240796":{"seccion":"Question 1c) My field of study will be.","hubspotProperty":"","options":["","Arts/Humanities/Social Science","Arts, Fine/Visual/Performing","Business/Commerce","Computing/IT","ESL/FSL","Flight Training","Hospitality/Tourism","Law","Medicine","Science, Applied","Sciences, General","Sciences, Health","Trades/Vocational","Theology/Religious Studies","Other","Agric/Agric Ops/Rel Sciences","Architecture and Rel Services","Biological/Biomed Sciences","Business/Mgmt/Marketing"]},"Level240797":{"seccion":"Question 1b) My level of study will be.","hubspotProperty":"","options":["","Primary School","Secondary School","PTC/TCST/DVS/AVS","CEGEP - Pre-university","CEGEP - Technical","College - Certificate","College - Diploma","College - Applied degree","University - Bachelor's Deg.","University - Master's Deg.","University - Doctorate","University - Other Studies","ESL/FSL","ESL/FSL and College","ESL/FSL and University","Other Studies","Not Applicable"]},"Prov240799":{"seccion":"Question 1 D Province.  The Province in Canada in which the educational institution is located","hubspotProperty":"","options":["","AB","BC","MB","NB","NL","NS","NT","NU","ON","PE","QC","SK","YT"]},"CityTown240801":{"seccion":"Question 1 D City/Town.  The City or Town in which the educational institution is located","hubspotProperty":"","options":[]},"expensesPaidBy240821":{"seccion":"Question 6 A. Your expenses in Canada will be paid by","hubspotProperty":"","options":["","Myself","Parents","Other"]},"Country240834":{"seccion":"Question 1 Country or Territory","hubspotProperty":"","options":["","Afghanistan","Aland Island","Albania","Algeria","Andorra","Angola","Anguilla","Antigua And Barbuda","Argentina","Armenia","Aruba","Australia","Austria","Azerbaijan","Bahamas","Bahrain","Bailwick of Jersey","Bangladesh","Barbados","Belarus","Belgium","Belize","Benin","Bermuda","Bhutan","Bolivia","Bonaire, Sint Eustatius, Saba","Bosnia and Herzegovina","Botswana","Bouvet Island","Brazil","British Indian Ocean Territory","British Virgin Islands","Brunei Darussalam","Bulgaria","Burkina Faso","Burma (Myanmar)","Burundi","Cabo Verde","Cambodia","Cameroon","Canada","Canary Islands","Cayman Islands","Central African Republic","Chad","Channel Islands","Chile","China","China (Hong Kong SAR)","China (Macao SAR)","Christmas Island","Colombia","Comoros","Cook Islands","Costa Rica","Croatia","Cuba","Curaçao","Cyprus","Czech Republic","Czechoslovakia","Democratic Rep. of Congo","Denmark","Djibouti","Dominica","Dominican Republic","East Timor","Ecuador","Egypt","El Salvador","England","Equatorial Guinea","Eritrea","Estonia","Ethiopia","Falkland Islands","Faroe Islands","Federated States of Micronesia","Fiji","Finland","Fr. South. and Antarctic Lands","France","French Guiana","French Polynesia","Gabon","Gambia","Georgia","Germany, Federal Republic Of","Ghana","Gibraltar","Greece","Greenland","Grenada","Guadeloupe","Guam","Guatemala","Guernsey","Guinea","Guinea-Bissau","Guyana","Haiti","Heard and MacDonald Islands","Honduras","Hong Kong","Hungary","Iceland","India","Indonesia","Iran","Iraq","Ireland","Isle of Man","Israel","Italy","Ivory Coast","Jamaica","Japan","Jordan","Kazakhstan","Kenya","Kiribati","Korea, North (DPRK)","Korea, South","Kosovo","Kuwait","Kyrgyzstan","Laos","Latvia","Lebanon","Lesotho","Liberia","Libya","Liechtenstein","Lithuania","Luxembourg","Macao","Macedonia","Madagascar","Madeira","Malawi","Malaysia","Maldives","Mali","Malta","Marshall Islands","Martinique","Mauritania","Mauritius","Mayotte","Mexico","Moldova","Monaco","Mongolia","Montenegro","Montserrat","Morocco","Mozambique","Namibia","Nauru","Nepal","Netherlands Antilles, The","Netherlands, The","Nevis","New Caledonia","New Zealand","Nicaragua","Niger","Nigeria","Niue","Northern Ireland","Northern Mariana Islands","Norway","Oman","Pakistan","Palestinian Authority","Panama","Papua New Guinea","Paraguay","Peru","Philippines","Pitcairn Islands","Poland","Portugal","Puerto Rico","Qatar","Republic of Congo","Republic of Palau","Réunion","Romania","Russia","Rwanda","Saint Helena","Saint Kitts and Nevis","Saint Lucia","Saint Pierre and Miquelon","Saint-Barthelemy","Saint-Martin","Samoa","Samoa, American","San Marino","Sao Tome and Principe","Saudi Arabia","Scotland","Senegal","Serbia And Montenegro","Serbia, Republic Of","Seychelles","Sierra Leone","Singapore","Sint-Maarten","Slovakia","Slovenia","Solomon Islands","Somalia","South Africa, Republic Of","South Sudan","Spain","Sri Lanka","St. Vincent and the Grenadines","Sudan","Suriname","Swaziland","Sweden","Switzerland","Syria","Taiwan","Tajikistan","Tanzania","Thailand","Tibet (Autonomous Region)","Togo","Tokelau","Tonga","Trinidad and Tobago","Tunisia","Turkey","Turkmenistan","Turks and Caicos Islands","Tuvalu","U.S. Minor outlying Islands","Uganda","Ukraine","Union Of Soviet Socialist Rep","United Arab Emirates","United States of America","Unknown","Uruguay","Uzbekistan","Vanuatu","Vatican City State","Venezuela","Vietnam","Virgin Islands, U.S.","Wales","Wallis and Futuna Is., Terr.","Western Sahara","Yemen","Yugoslavia","Zambia","Zimbabwe"]},"ProvState240835":{"seccion":"Question 1 Province or State. Please give the Province or State if the Country is Canada or United States.","hubspotProperty":"","options":["","AB","BC","MB","NB","NL","NS","NT","NU","ON","PE","QC","SK","YT"]},"Country240850":{"seccion":"Employment Record 1 Country or Territory","hubspotProperty":"","options":["","Afghanistan","Aland Island","Albania","Algeria","Andorra","Angola","Anguilla","Antigua And Barbuda","Argentina","Armenia","Aruba","Australia","Austria","Azerbaijan","Bahamas","Bahrain","Bailwick of Jersey","Bangladesh","Barbados","Belarus","Belgium","Belize","Benin","Bermuda","Bhutan","Bolivia","Bonaire, Sint Eustatius, Saba","Bosnia and Herzegovina","Botswana","Bouvet Island","Brazil","British Indian Ocean Territory","British Virgin Islands","Brunei Darussalam","Bulgaria","Burkina Faso","Burma (Myanmar)","Burundi","Cabo Verde","Cambodia","Cameroon","Canada","Canary Islands","Cayman Islands","Central African Republic","Chad","Channel Islands","Chile","China","China (Hong Kong SAR)","China (Macao SAR)","Christmas Island","Colombia","Comoros","Cook Islands","Costa Rica","Croatia","Cuba","Curaçao","Cyprus","Czech Republic","Czechoslovakia","Democratic Rep. of Congo","Denmark","Djibouti","Dominica","Dominican Republic","East Timor","Ecuador","Egypt","El Salvador","England","Equatorial Guinea","Eritrea","Estonia","Ethiopia","Falkland Islands","Faroe Islands","Federated States of Micronesia","Fiji","Finland","Fr. South. and Antarctic Lands","France","French Guiana","French Polynesia","Gabon","Gambia","Georgia","Germany, Federal Republic Of","Ghana","Gibraltar","Greece","Greenland","Grenada","Guadeloupe","Guam","Guatemala","Guernsey","Guinea","Guinea-Bissau","Guyana","Haiti","Heard and MacDonald Islands","Honduras","Hong Kong","Hungary","Iceland","India","Indonesia","Iran","Iraq","Ireland","Isle of Man","Israel","Italy","Ivory Coast","Jamaica","Japan","Jordan","Kazakhstan","Kenya","Kiribati","Korea, North (DPRK)","Korea, South","Kosovo","Kuwait","Kyrgyzstan","Laos","Latvia","Lebanon","Lesotho","Liberia","Libya","Liechtenstein","Lithuania","Luxembourg","Macao","Macedonia","Madagascar","Madeira","Malawi","Malaysia","Maldives","Mali","Malta","Marshall Islands","Martinique","Mauritania","Mauritius","Mayotte","Mexico","Moldova","Monaco","Mongolia","Montenegro","Montserrat","Morocco","Mozambique","Namibia","Nauru","Nepal","Netherlands Antilles, The","Netherlands, The","Nevis","New Caledonia","New Zealand","Nicaragua","Niger","Nigeria","Niue","Northern Ireland","Northern Mariana Islands","Norway","Oman","Pakistan","Palestinian Authority","Panama","Papua New Guinea","Paraguay","Peru","Philippines","Pitcairn Islands","Poland","Portugal","Puerto Rico","Qatar","Republic of Congo","Republic of Palau","Réunion","Romania","Russia","Rwanda","Saint Helena","Saint Kitts and Nevis","Saint Lucia","Saint Pierre and Miquelon","Saint-Barthelemy","Saint-Martin","Samoa","Samoa, American","San Marino","Sao Tome and Principe","Saudi Arabia","Scotland","Senegal","Serbia And Montenegro","Serbia, Republic Of","Seychelles","Sierra Leone","Singapore","Sint-Maarten","Slovakia","Slovenia","Solomon Islands","Somalia","South Africa, Republic Of","South Sudan","Spain","Sri Lanka","St. Vincent and the Grenadines","Sudan","Suriname","Swaziland","Sweden","Switzerland","Syria","Taiwan","Tajikistan","Tanzania","Thailand","Tibet (Autonomous Region)","Togo","Tokelau","Tonga","Trinidad and Tobago","Tunisia","Turkey","Turkmenistan","Turks and Caicos Islands","Tuvalu","U.S. Minor outlying Islands","Uganda","Ukraine","Union Of Soviet Socialist Rep","United Arab Emirates","United States of America","Unknown","Uruguay","Uzbekistan","Vanuatu","Vatican City State","Venezuela","Vietnam","Virgin Islands, U.S.","Wales","Wallis and Futuna Is., Terr.","Western Sahara","Yemen","Yugoslavia","Zambia","Zimbabwe"]},"ProvState240851":{"seccion":"Employment Record 1 Province or State if Country is Canada or United States","hubspotProperty":"","options":["","AB","BC","MB","NB","NL","NS","NT","NU","ON","PE","QC","SK","YT"]},"Country240863":{"seccion":"Employment Record 2 Country or Territory","hubspotProperty":"","options":["","Afghanistan","Aland Island","Albania","Algeria","Andorra","Angola","Anguilla","Antigua And Barbuda","Argentina","Armenia","Aruba","Australia","Austria","Azerbaijan","Bahamas","Bahrain","Bailwick of Jersey","Bangladesh","Barbados","Belarus","Belgium","Belize","Benin","Bermuda","Bhutan","Bolivia","Bonaire, Sint Eustatius, Saba","Bosnia and Herzegovina","Botswana","Bouvet Island","Brazil","British Indian Ocean Territory","British Virgin Islands","Brunei Darussalam","Bulgaria","Burkina Faso","Burma (Myanmar)","Burundi","Cabo Verde","Cambodia","Cameroon","Canada","Canary Islands","Cayman Islands","Central African Republic","Chad","Channel Islands","Chile","China","China (Hong Kong SAR)","China (Macao SAR)","Christmas Island","Colombia","Comoros","Cook Islands","Costa Rica","Croatia","Cuba","Curaçao","Cyprus","Czech Republic","Czechoslovakia","Democratic Rep. of Congo","Denmark","Djibouti","Dominica","Dominican Republic","East Timor","Ecuador","Egypt","El Salvador","England","Equatorial Guinea","Eritrea","Estonia","Ethiopia","Falkland Islands","Faroe Islands","Federated States of Micronesia","Fiji","Finland","Fr. South. and Antarctic Lands","France","French Guiana","French Polynesia","Gabon","Gambia","Georgia","Germany, Federal Republic Of","Ghana","Gibraltar","Greece","Greenland","Grenada","Guadeloupe","Guam","Guatemala","Guernsey","Guinea","Guinea-Bissau","Guyana","Haiti","Heard and MacDonald Islands","Honduras","Hong Kong","Hungary","Iceland","India","Indonesia","Iran","Iraq","Ireland","Isle of Man","Israel","Italy","Ivory Coast","Jamaica","Japan","Jordan","Kazakhstan","Kenya","Kiribati","Korea, North (DPRK)","Korea, South","Kosovo","Kuwait","Kyrgyzstan","Laos","Latvia","Lebanon","Lesotho","Liberia","Libya","Liechtenstein","Lithuania","Luxembourg","Macao","Macedonia","Madagascar","Madeira","Malawi","Malaysia","Maldives","Mali","Malta","Marshall Islands","Martinique","Mauritania","Mauritius","Mayotte","Mexico","Moldova","Monaco","Mongolia","Montenegro","Montserrat","Morocco","Mozambique","Namibia","Nauru","Nepal","Netherlands Antilles, The","Netherlands, The","Nevis","New Caledonia","New Zealand","Nicaragua","Niger","Nigeria","Niue","Northern Ireland","Northern Mariana Islands","Norway","Oman","Pakistan","Palestinian Authority","Panama","Papua New Guinea","Paraguay","Peru","Philippines","Pitcairn Islands","Poland","Portugal","Puerto Rico","Qatar","Republic of Congo","Republic of Palau","Réunion","Romania","Russia","Rwanda","Saint Helena","Saint Kitts and Nevis","Saint Lucia","Saint Pierre and Miquelon","Saint-Barthelemy","Saint-Martin","Samoa","Samoa, American","San Marino","Sao Tome and Principe","Saudi Arabia","Scotland","Senegal","Serbia And Montenegro","Serbia, Republic Of","Seychelles","Sierra Leone","Singapore","Sint-Maarten","Slovakia","Slovenia","Solomon Islands","Somalia","South Africa, Republic Of","South Sudan","Spain","Sri Lanka","St. Vincent and the Grenadines","Sudan","Suriname","Swaziland","Sweden","Switzerland","Syria","Taiwan","Tajikistan","Tanzania","Thailand","Tibet (Autonomous Region)","Togo","Tokelau","Tonga","Trinidad and Tobago","Tunisia","Turkey","Turkmenistan","Turks and Caicos Islands","Tuvalu","U.S. Minor outlying Islands","Uganda","Ukraine","Union Of Soviet Socialist Rep","United Arab Emirates","United States of America","Unknown","Uruguay","Uzbekistan","Vanuatu","Vatican City State","Venezuela","Vietnam","Virgin Islands, U.S.","Wales","Wallis and Futuna Is., Terr.","Western Sahara","Yemen","Yugoslavia","Zambia","Zimbabwe"]},"ProvState240864":{"seccion":"Employment Record 2 Province or State if Country is Canada or United States","hubspotProperty":"","options":["","AB","BC","MB","NB","NL","NS","NT","NU","ON","PE","QC","SK","YT"]},"Country240876":{"seccion":"Employment Record 3 Country or Territory","hubspotProperty":"","options":["","Afghanistan","Aland Island","Albania","Algeria","Andorra","Angola","Anguilla","Antigua And Barbuda","Argentina","Armenia","Aruba","Australia","Austria","Azerbaijan","Bahamas","Bahrain","Bailwick of Jersey","Bangladesh","Barbados","Belarus","Belgium","Belize","Benin","Bermuda","Bhutan","Bolivia","Bonaire, Sint Eustatius, Saba","Bosnia and Herzegovina","Botswana","Bouvet Island","Brazil","British Indian Ocean Territory","British Virgin Islands","Brunei Darussalam","Bulgaria","Burkina Faso","Burma (Myanmar)","Burundi","Cabo Verde","Cambodia","Cameroon","Canada","Canary Islands","Cayman Islands","Central African Republic","Chad","Channel Islands","Chile","China","China (Hong Kong SAR)","China (Macao SAR)","Christmas Island","Colombia","Comoros","Cook Islands","Costa Rica","Croatia","Cuba","Curaçao","Cyprus","Czech Republic","Czechoslovakia","Democratic Rep. of Congo","Denmark","Djibouti","Dominica","Dominican Republic","East Timor","Ecuador","Egypt","El Salvador","England","Equatorial Guinea","Eritrea","Estonia","Ethiopia","Falkland Islands","Faroe Islands","Federated States of Micronesia","Fiji","Finland","Fr. South. and Antarctic Lands","France","French Guiana","French Polynesia","Gabon","Gambia","Georgia","Germany, Federal Republic Of","Ghana","Gibraltar","Greece","Greenland","Grenada","Guadeloupe","Guam","Guatemala","Guernsey","Guinea","Guinea-Bissau","Guyana","Haiti","Heard and MacDonald Islands","Honduras","Hong Kong","Hungary","Iceland","India","Indonesia","Iran","Iraq","Ireland","Isle of Man","Israel","Italy","Ivory Coast","Jamaica","Japan","Jordan","Kazakhstan","Kenya","Kiribati","Korea, North (DPRK)","Korea, South","Kosovo","Kuwait","Kyrgyzstan","Laos","Latvia","Lebanon","Lesotho","Liberia","Libya","Liechtenstein","Lithuania","Luxembourg","Macao","Macedonia","Madagascar","Madeira","Malawi","Malaysia","Maldives","Mali","Malta","Marshall Islands","Martinique","Mauritania","Mauritius","Mayotte","Mexico","Moldova","Monaco","Mongolia","Montenegro","Montserrat","Morocco","Mozambique","Namibia","Nauru","Nepal","Netherlands Antilles, The","Netherlands, The","Nevis","New Caledonia","New Zealand","Nicaragua","Niger","Nigeria","Niue","Northern Ireland","Northern Mariana Islands","Norway","Oman","Pakistan","Palestinian Authority","Panama","Papua New Guinea","Paraguay","Peru","Philippines","Pitcairn Islands","Poland","Portugal","Puerto Rico","Qatar","Republic of Congo","Republic of Palau","Réunion","Romania","Russia","Rwanda","Saint Helena","Saint Kitts and Nevis","Saint Lucia","Saint Pierre and Miquelon","Saint-Barthelemy","Saint-Martin","Samoa","Samoa, American","San Marino","Sao Tome and Principe","Saudi Arabia","Scotland","Senegal","Serbia And Montenegro","Serbia, Republic Of","Seychelles","Sierra Leone","Singapore","Sint-Maarten","Slovakia","Slovenia","Solomon Islands","Somalia","South Africa, Republic Of","South Sudan","Spain","Sri Lanka","St. Vincent and the Grenadines","Sudan","Suriname","Swaziland","Sweden","Switzerland","Syria","Taiwan","Tajikistan","Tanzania","Thailand","Tibet (Autonomous Region)","Togo","Tokelau","Tonga","Trinidad and Tobago","Tunisia","Turkey","Turkmenistan","Turks and Caicos Islands","Tuvalu","U.S. Minor outlying Islands","Uganda","Ukraine","Union Of Soviet Socialist Rep","United Arab Emirates","United States of America","Unknown","Uruguay","Uzbekistan","Vanuatu","Vatican City State","Venezuela","Vietnam","Virgin Islands, U.S.","Wales","Wallis and Futuna Is., Terr.","Western Sahara","Yemen","Yugoslavia","Zambia","Zimbabwe"]},"ProvState240877":{"seccion":"Employment Record 3 Province or State if Country is Canada or United States","hubspotProperty":"","options":["","AB","BC","MB","NB","NL","NS","NT","NU","ON","PE","QC","SK","YT"]}},"input":{"CRCNum240537":{"seccion":null,"hubspotProperty":""},"Age240538":{"seccion":null,"hubspotProperty":""},"AdultFlag240539":{"seccion":null,"hubspotProperty":""},"FormVersion240540":{"seccion":null,"hubspotProperty":""},"PrevSpouseAge240541":{"seccion":null,"hubspotProperty":""},"UCIClientID240547":{"seccion":"Question 1 UCI","hubspotProperty":""},"AliasNameIndicator240556":{"seccion":"Indicate Yes to the Question 2 A: Have you ever used any other name such as a nickname, maiden name or alias?","hubspotProperty":""},"DOBYear240559":{"seccion":"Question 4 Date of Birth Year in YYYY format","hubspotProperty":""},"DOBMonth240560":{"seccion":"Question 4 Date of Birth Month in MM format","hubspotProperty":""},"DOBDay240561":{"seccion":"Question 4 Date of Birth Day in DD format","hubspotProperty":""},"FromDate240572":{"seccion":"Question 7 D The start date of your immigration status in your current country of residence in YYYY-MM-DD format","hubspotProperty":""},"ToDate240573":{"seccion":"Question 7 E The end date of your immigration status in your current country of residence in YYYY-MM-DD format","hubspotProperty":""},"FromYr240575":{"seccion":null,"hubspotProperty":""},"FromMM240576":{"seccion":null,"hubspotProperty":""},"FromDD240577":{"seccion":null,"hubspotProperty":""},"ToYr240578":{"seccion":null,"hubspotProperty":""},"ToMM240579":{"seccion":null,"hubspotProperty":""},"ToDD240580":{"seccion":null,"hubspotProperty":""},"PCRIndicator240581":{"seccion":"Indicate Yes to the Question 8 A:  During the past 5 years have you lived in any country other than your country of citizenship or your current country of residence for more than 6 months?","hubspotProperty":""},"FromDate240588":{"seccion":"Question 8 B Row 1 Status From Date.  The start date of your immigration status in your previous country of residence in YYYY-MM-DD format","hubspotProperty":""},"ToDate240589":{"seccion":"Question 8 B Row 1 Status To Date. The end date of your immigration status in your previous country of residence in YYYY-MM-DD format","hubspotProperty":""},"FromDate240594":{"seccion":"Question 8 B Row 2 Status From Date.    The start date of your immigration status in your previous country of residence in YYYY-MM-DD format","hubspotProperty":""},"ToDate240595":{"seccion":"Question 8 B Row 2 Status To Date. The end date of your immigration status in your previous country of residence in YYYY-MM-DD format","hubspotProperty":""},"FromYr240597":{"seccion":null,"hubspotProperty":""},"FromMM240598":{"seccion":null,"hubspotProperty":""},"FromDD240599":{"seccion":null,"hubspotProperty":""},"ToYr240600":{"seccion":null,"hubspotProperty":""},"ToMM240601":{"seccion":null,"hubspotProperty":""},"ToDD240602":{"seccion":null,"hubspotProperty":""},"FromYr240604":{"seccion":null,"hubspotProperty":""},"FromMM240605":{"seccion":null,"hubspotProperty":""},"FromDD240606":{"seccion":null,"hubspotProperty":""},"ToYr240607":{"seccion":null,"hubspotProperty":""},"ToMM240608":{"seccion":null,"hubspotProperty":""},"ToDD240609":{"seccion":null,"hubspotProperty":""},"SameAsCORIndicator240610":{"seccion":"Indicate Yes to Question 9 A. Is the country or territory from where you are applying the same as your current country or territory of residence?","hubspotProperty":""},"FromDate240617":{"seccion":"Question 9 B. Status From Date. The start date of your immigration status in the country from where you are applying in YYYY-MM-DD format","hubspotProperty":""},"ToDate240618":{"seccion":"Question 9 B Status To Date. The end date of your immigration status in the country from where you are applying in YYYY-MM-DD format","hubspotProperty":""},"FromYr240620":{"seccion":null,"hubspotProperty":""},"FromMM240621":{"seccion":null,"hubspotProperty":""},"FromDD240622":{"seccion":null,"hubspotProperty":""},"ToYr240623":{"seccion":null,"hubspotProperty":""},"ToMM240624":{"seccion":null,"hubspotProperty":""},"ToDD240625":{"seccion":null,"hubspotProperty":""},"ApplicationValidatedFlag240626":{"seccion":null,"hubspotProperty":""},"DateOfMarriage240630":{"seccion":"Question 10 B. If you are married or in a common law relationship, please give the date on which you were married or entered into the common law relationship in YYYY-MM-DD format.","hubspotProperty":""},"FromYr240632":{"seccion":null,"hubspotProperty":""},"FromMM240633":{"seccion":null,"hubspotProperty":""},"FromDD240634":{"seccion":null,"hubspotProperty":""},"PrevMarriedIndicator240641":{"seccion":"Indicate YES to Question 11 A.  Have you previously been married or in a common law relationship?","hubspotProperty":""},"DateCalc240643":{"seccion":null,"hubspotProperty":""},"Year240644":{"seccion":null,"hubspotProperty":""},"Month240645":{"seccion":null,"hubspotProperty":""},"Day240646":{"seccion":null,"hubspotProperty":""},"DOBYear240649":{"seccion":"Question 4 Date of Birth Year in YYYY format","hubspotProperty":""},"DOBMonth240650":{"seccion":"Question 4 Date of Birth Month in MM format","hubspotProperty":""},"DOBDay240651":{"seccion":"Question 4 Date of Birth Day in DD format","hubspotProperty":""},"FromDate240655":{"seccion":"Question 11 C From Date. The start date of your previous marriage or common law relationship in YYYY-MM-DD format","hubspotProperty":""},"ToDate240657":{"seccion":"Question 11 C To Date.  The end date of your previous marriage or common law relationship in YYYY-MM-DD format","hubspotProperty":""},"FromYr240659":{"seccion":null,"hubspotProperty":""},"FromMM240660":{"seccion":null,"hubspotProperty":""},"FromDD240661":{"seccion":null,"hubspotProperty":""},"ToYr240662":{"seccion":null,"hubspotProperty":""},"ToMM240663":{"seccion":null,"hubspotProperty":""},"ToDD240664":{"seccion":null,"hubspotProperty":""},"LanguageTest240673":{"seccion":"Indicate Yes to Question 1 D.  Have you taken a test form a designated testing agency to assess your proficiency in English or French?","hubspotProperty":""},"IssueDate240681":{"seccion":"Question 3. The issue date of your passport in YYYY-MM-DD format","hubspotProperty":""},"ExpiryDate240682":{"seccion":"Question 4. The expiry date of passport in YYYY-MM-DD format","hubspotProperty":""},"IssueYYYY240683":{"seccion":null,"hubspotProperty":""},"IssueMM240684":{"seccion":null,"hubspotProperty":""},"IssueDD240685":{"seccion":null,"hubspotProperty":""},"expiryYYYY240686":{"seccion":null,"hubspotProperty":""},"expiryMM240687":{"seccion":null,"hubspotProperty":""},"expiryDD240688":{"seccion":null,"hubspotProperty":""},"TaiwanPIN240689":{"seccion":"Indicate Yes to Question 5.  For this trip, will you use a passport issued by the Ministry of Foreign Affairs in Taiwan that includes your personal identification number?","hubspotProperty":""},"IsraelPassportIndicator240690":{"seccion":"Indicate Yes to Question 6 :  For this trip, will you use a National Israeli passport?","hubspotProperty":""},"natIDIndicator240694":{"seccion":"Indicate Yes to the National Identity Document Section Question 1:  Do you have a national identity document?","hubspotProperty":""},"IssueDate240701":{"seccion":"Question 4.  The issue date of your National Identity Document in YYYY-MM-DD format","hubspotProperty":""},"ExpiryDate240702":{"seccion":"Question 5.  The Expiry date of your National Identity Document in YYYY-MM-DD format","hubspotProperty":""},"usCardIndicator240706":{"seccion":"Indicate Yes to the US PR Card Section Question 1:  Are you a lawful permanent resident of the United States?","hubspotProperty":""},"ExpiryDate240710":{"seccion":"Question 3.  The Expiry date of your US PR card in YYYY-MM-DD format","hubspotProperty":""},"SameAsMailingIndicator240732":{"seccion":"Indicate YES to Question 2  Is your residential address the same as your mailing address?","hubspotProperty":""},"CanadaUS240754":{"seccion":"Question 3 Is your telephone number in Canada / U S format?","hubspotProperty":""},"Other240755":{"seccion":"Question 3 Is your telephone number in Other format?","hubspotProperty":""},"NumberExt240756":{"seccion":"Question 3 Telephone number extension","hubspotProperty":""},"NumberCountry240757":{"seccion":"Question 3 Country code","hubspotProperty":""},"ActualNumber240758":{"seccion":null,"hubspotProperty":""},"AreaCode240760":{"seccion":"Question 3 : 3 digit Area Code","hubspotProperty":""},"FirstThree240761":{"seccion":"Question 3 : 3 digit Exchange Number","hubspotProperty":""},"LastFive240762":{"seccion":"Question 3 : 4 digit Subscriber Number","hubspotProperty":""},"IntlNumber240764":{"seccion":"Question 3 Telephone number","hubspotProperty":""},"CanadaUS240767":{"seccion":"Question 4 Is your Alternate Telephone number in Canada / U S format?","hubspotProperty":""},"Other240768":{"seccion":"Question 4 Is your Alternate Telephone number in Other format?","hubspotProperty":""},"NumberExt240769":{"seccion":"Question 4 Alternate telephone number Extension","hubspotProperty":""},"NumberCountry240770":{"seccion":"Question 4 Alternate telephone number Country Code","hubspotProperty":""},"ActualNumber240771":{"seccion":null,"hubspotProperty":""},"AreaCode240773":{"seccion":"Question 4 : 3 digit Area Code","hubspotProperty":""},"FirstThree240774":{"seccion":"Question 4 : 3 digit Exchange Number","hubspotProperty":""},"LastFive240775":{"seccion":"Question 4 : 4 digit Subscriber Number","hubspotProperty":""},"IntlNumber240777":{"seccion":"Question 4 Alternate telephone number","hubspotProperty":""},"CanadaUS240780":{"seccion":"Question 5 Is your Fax number in Canada / U S format?","hubspotProperty":""},"Other240781":{"seccion":"Question 5 Is your Fax number in Other format?","hubspotProperty":""},"NumberExt240782":{"seccion":"Question 5 Fax number extension","hubspotProperty":""},"NumberCountry240783":{"seccion":"Question 5 Fax number Country Code","hubspotProperty":""},"ActualNumber240784":{"seccion":null,"hubspotProperty":""},"AreaCode240786":{"seccion":"Question 5 : 3 digit Area Code","hubspotProperty":""},"FirstThree240787":{"seccion":"Question 5: 3 digit Exchange Number","hubspotProperty":""},"LastFive240788":{"seccion":"Question 5 :4 digit Subscriber Number","hubspotProperty":""},"IntlNumber240790":{"seccion":"Question 5 Fax number","hubspotProperty":""},"FromDate240806":{"seccion":"Question 3 Duration of Study From Date.  The start date of your intended studies in Canada in YYYY-MM-DD formatinstitution is located","hubspotProperty":""},"ToDate240807":{"seccion":"Question 3 Duration of Study To Date.  The end date of your intended studies in Canada in YYYY-MM-DD format","hubspotProperty":""},"amount240813":{"seccion":"Question 4. The cost of tuition for your studies","hubspotProperty":""},"amount240815":{"seccion":"Question 4. The cost of Room and board for your studies","hubspotProperty":""},"amount240817":{"seccion":"Question 4. The cost of Other expenses for your studies","hubspotProperty":""},"Funds240820":{"seccion":"Question 5. Funds available for your stay in Canadian dollars","hubspotProperty":""},"Other240822":{"seccion":"Question 6 B.  If you replied with Other to Question 6A, please provide details","hubspotProperty":""},"EducationIndicator240824":{"seccion":"Indicate YES to  Question 1.  Have you had any post secondary education including university, college or apprenticeship training?","hubspotProperty":""},"FromYear240826":{"seccion":"Question 1 From Date Year. If you answered yes to the previous question, please give the year that you started your highest level of post secondary education in YYYY format.","hubspotProperty":""},"FromMonth240827":{"seccion":"Question 1 From Date Month. The month that you started your highest level of post secondary education in MM format","hubspotProperty":""},"ToYear240828":{"seccion":"Question 1 To Date Year.  Please give the year that you completed your highest level of post secondary education in YYYY format.","hubspotProperty":""},"ToMonth240829":{"seccion":"Question 1 To Date Month. The month that you completed your highest level of post secondary education in MM format","hubspotProperty":""},"FromYear240840":{"seccion":"Employment Section. Please give details of your employment for the past 10 years, including if you have held any government positions such as civil servant, judge, police officer, mayor, member of parliament, hospital administrator. Record 1 From Date Year. The year of the start of your current employment or other activity in YYYY format","hubspotProperty":""},"FromMonth240841":{"seccion":"Employment Record 1 From Date Month.  The month of the start of your current employment or other activity in MM format","hubspotProperty":""},"ToYear240842":{"seccion":"Employment Record 1 To Date Year. The year that you will complete your current employment or other activity in YYYY format","hubspotProperty":""},"ToMonth240843":{"seccion":"Employment Record 1 To Date Month The month that you will complete your current employment or other activity in MM format","hubspotProperty":""},"FromYear240853":{"seccion":"Employment Record 2 From Date Year. The year of the start of your previous employment or other activity in YYYY format, if applicable","hubspotProperty":""},"FromMonth240854":{"seccion":"Employment Record 2 From Date Month. The month of the start of your previous employment or other activity in MM format","hubspotProperty":""},"ToYear240855":{"seccion":"Employment Record 2 To Date Year. The year that you completed your previous employment or other activity in YYYY format","hubspotProperty":""},"ToMonth240856":{"seccion":"Employment Record 2 To Date Month. The month that you completed your previous employment or other activity in MM format","hubspotProperty":""},"FromYear240866":{"seccion":"Employment Record 3 From Date Year. The year of the start of your previous employment or other activity in YYYY format, if applicable","hubspotProperty":""},"FromMonth240867":{"seccion":"Employment Record 3 From Date Month. The month of the start of your previous employment or other activity in MM format","hubspotProperty":""},"ToYear240868":{"seccion":"Employment Record 3 To Date Year. The year that you completed your previous employment or other activity in YYYY format","hubspotProperty":""},"ToMonth240869":{"seccion":"Employment Record 3 To Date Month. The month that you completed your previous employment or other activity in MM format","hubspotProperty":""},"Choice240881":{"seccion":"Indicate YES  to Question 1 A. Within the past two years, have you or a family member ever had tuberculosis of the lungs or been in close contact with a person with tuberculosis?","hubspotProperty":""},"Choice240882":{"seccion":"Indicate YES  to Question 1 B Do you have any physical or mental disorder that would require social or health services, other than medication, during a stay in Canada?","hubspotProperty":""},"backgroundInfoCalc240885":{"seccion":null,"hubspotProperty":""},"VisaChoice1240888":{"seccion":"Indicate YES  to Question 2 A. Have you ever remained beyond the validity of your status, attended school without authorization or worked without authorization in Canada?","hubspotProperty":""},"VisaChoice2240889":{"seccion":"Indicate YES  to Question 2 B. Have you ever been refused a visa or permit, denied entry or ordered to leave Canada or any other country or territory?","hubspotProperty":""},"VisaChoice3240892":{"seccion":"Indicate YES  to Question 2 C. Have you ever been refused any kind of visa, admission, or been ordered to leave Canada or any other country?","hubspotProperty":""},"Choice240894":{"seccion":"Indicate YES  to Question 3 A. Have you ever committed, been arrested for, been charged with or convicted of any criminal offence in any country or territory?","hubspotProperty":""},"Choice240897":{"seccion":"Indicate YES  to Question 4 A. Did you serve in any military, militia, or civil defence unit or serve in a security organization or police force (including non obligatory national service, reserve or volunteer units)?","hubspotProperty":""},"Choice240900":{"seccion":"Indicate YES  to Question 5.  Are you, or have you ever been a member or associated with any political party, or other group or organization which has engaged in or advocated violence as a means to achieving a political or religious objective, or which has been associated with criminal activity at any time?","hubspotProperty":""},"Choice240902":{"seccion":"Indicate YES  to Question 6.  Have you ever witnessed or participated in the ill treatment of prisoners or civilians, looting or desecration of religious buildings?","hubspotProperty":""},"Choice240904":{"seccion":"Indicate YES  to Question 6.  Have you ever witnessed or participated in the ill treatment of prisoners or civilians, looting or desecration of religious buildings?","hubspotProperty":""},"TextField2240906":{"seccion":"Signature of applicant or parent / legal guardian for a person under 18 years of age.","hubspotProperty":""},"C1CertificateIssueDate240907":{"seccion":"Signature date","hubspotProperty":""},"ReaderInfo240909":{"seccion":null,"hubspotProperty":""}},"textarea":{"FamilyName240550":{"seccion":"Personal Details Section Question 1 Family name as shown on your passport or travel document","hubspotProperty":""},"GivenName240551":{"seccion":"Question 1 Given name or names as shown on your passport or travel document","hubspotProperty":""},"AliasFamilyName240553":{"seccion":"Question 2 B If you answered yes to question 2 A, please give the family name.","hubspotProperty":""},"AliasGivenName240554":{"seccion":"Question 2 B If you answered yes to question 2 A, please give the given name.","hubspotProperty":""},"PlaceBirthCity240562":{"seccion":"Question 5 A Place of Birth City or Town","hubspotProperty":""},"Other240571":{"seccion":"Question 7 C If your immigration status is other, please give details.","hubspotProperty":""},"Other240587":{"seccion":"Question 8 B Row 1 Other Details.  If your immigration status was other, please give details.","hubspotProperty":""},"Other240593":{"seccion":"Question 8 B Row 2 Other Details.   If your immigration status was other, please give details.","hubspotProperty":""},"Other240616":{"seccion":"Question 9 B Other Details.  If your immigration status is other, please give details.","hubspotProperty":""},"FamilyName240635":{"seccion":"Question 10 C Family Name.  If you are married or in a common law relationship, please give the family name of your current spouse or common law partner.","hubspotProperty":""},"GivenName240636":{"seccion":"Question 10 C Given Name.  If you are married or in a common law relationship, please give the given name of your current spouse or common law partner.","hubspotProperty":""},"PMFamilyName240647":{"seccion":"Question 11 B Family Name .  If you replied Yes to question 11 A, please give the family name of your previous spouse or common law partner.","hubspotProperty":""},"PMGivenName240653":{"seccion":"Question 11 B Given Name.  If you replied Yes to question 11 A, please give the given name of your previous spouse or common law partner.","hubspotProperty":""},"PassportNum240677":{"seccion":"Passport Section Question 1. Your current passport number","hubspotProperty":""},"DocNum240697":{"seccion":"Question 2. Your National Identity Document Number","hubspotProperty":""},"DocNum240709":{"seccion":"Question 2. Your U.S. Citizenship and Immigration Services (USCIS) number","hubspotProperty":""},"POBox240715":{"seccion":"Contact Information Section Question 1 Current mailing address PO box","hubspotProperty":""},"AptUnit240717":{"seccion":"Question 1 Current mailing address apartment or unit number","hubspotProperty":""},"StreetNum240719":{"seccion":"Question 1 Current mailing address street number","hubspotProperty":""},"Streetname240721":{"seccion":"Question 1 Current mailing address street name","hubspotProperty":""},"CityTown240724":{"seccion":"Question 1 Current mailing address city or town","hubspotProperty":""},"PostalCode240730":{"seccion":"Question 1 Current mailing address postal code","hubspotProperty":""},"District240731":{"seccion":"Question 1 Current mailing address district","hubspotProperty":""},"AptUnit240735":{"seccion":"Question 2  If you replied No to the previous question, please give your residential address apartment or unit number.","hubspotProperty":""},"StreetNum240737":{"seccion":"Question 2 Residential address street number","hubspotProperty":""},"Streetname240739":{"seccion":"Question 2 Residential address street name","hubspotProperty":""},"CityTown240741":{"seccion":"Question 2 Residential address city or town","hubspotProperty":""},"PostalCode240748":{"seccion":"Question 2 Residential address postal code","hubspotProperty":""},"District240749":{"seccion":"Question 2 Residential address district","hubspotProperty":""},"Email240791":{"seccion":"Question 6 Email address","hubspotProperty":""},"SchoolName240795":{"seccion":"Details of intended study in Canada section Question 1 A Name of School.  The name of educational institution to which you have been accepted","hubspotProperty":""},"Address240803":{"seccion":"Question 1 D Address.  The street address of the educational institution","hubspotProperty":""},"DLI240808":{"seccion":"Question 2 A Designated Learning Institution Number","hubspotProperty":""},"StudentNo240809":{"seccion":"Question 2 B.  My student ID number is:","hubspotProperty":""},"FieldOfStudy240830":{"seccion":"Question 1 Field of Study","hubspotProperty":""},"School240831":{"seccion":"Question 1 School/Facility Name","hubspotProperty":""},"CityTown240832":{"seccion":"Question 1 City/Town","hubspotProperty":""},"Occupation240845":{"seccion":"Employment Record 1 Current Activity/Occupation. Your current employment or other activity","hubspotProperty":""},"Employer240846":{"seccion":"Employment Record 1 Company/Employer/Facility Name. Your current employer, company or other facility","hubspotProperty":""},"CityTown240848":{"seccion":"Employment Record 1 City/Town","hubspotProperty":""},"Occupation240858":{"seccion":"Employment Record 2 Previous Activity/Occupation. Your previous employment or other activity","hubspotProperty":""},"Employer240859":{"seccion":"Employment Record 2 Company/Employer/Facility Name. Your previous employer, company or other facility","hubspotProperty":""},"CityTown240861":{"seccion":"Employment Record 2 City/Town","hubspotProperty":""},"Occupation240871":{"seccion":"Employment Record 3 Previous Activity/Occupation. Your previous employment or other activity","hubspotProperty":""},"Employer240872":{"seccion":"Employment Record 3 Company/Employer/Facility Name. Your previous employer, company or other facility","hubspotProperty":""},"CityTown240874":{"seccion":"Employment Record 3 City/Town","hubspotProperty":""},"MedicalDetails240884":{"seccion":"Question 1 C. If you answered yes to question 1 A or 1 B please give details and the name of the family member, if applicable.","hubspotProperty":""},"refusedDetails240891":{"seccion":"Question 2 D.  If you answered yes to Question 2 A, 2B, or 2 C, please give details.","hubspotProperty":""},"Details240895":{"seccion":"Question 3 B. If you answered yes to question 3A above, please give details.","hubspotProperty":""},"militaryServiceDetails240898":{"seccion":"Question 4 B. If you answered yes to question 4 A, please give dates of service and countries or territories where you served.","hubspotProperty":""}}}