{
    "selects": [
        {
            "dataId": "ServiceIn31579",
            "seccion": "Question 2 I want service in [language]",
            "value": "01",
            "hubspotProperty": ""
        },
        {
            "dataId": "VisaType31581",
            "seccion": null,
            "hubspotProperty": ""
        },
        {
            "dataId": "Sex31593",
            "seccion": "Question 3 What is your sex?",
            "value": "Male",
            "hubspotProperty": ""
        },
        {
            "dataId": "PlaceBirthCountry31598",
            "seccion": "Question 5 B Place of Birth Country or Territory",
            "value": "723",
            "hubspotProperty": ""
        },
        {
            "dataId": "Citizenship31600",
            "seccion": "Question 6 Citizenship",
            "value": "723",
            "hubspotProperty": ""
        },
        {
            "dataId": "Country31604",
            "seccion": "Question 7 A Your current country or territory of residence",
            "value": "723",
            "hubspotProperty": ""
        },
        {
            "dataId": "Status31605",
            "seccion": "Question 7 B Your immigration status in your current country of residence",
            "value": "01",
            "hubspotProperty": ""
        },
        {
            "dataId": "Country31620",
            "seccion": "Question 8 B Row 1 Country or Territory.  If you replied Yes to question 8 A, please give your previous country or territory of residence.",
            "hubspotProperty": ""
        },
        {
            "dataId": "Status31621",
            "seccion": "Question 8 B Row 1 Status.  Your immigration status in your previous country or territory of residence",
            "hubspotProperty": ""
        },
        {
            "dataId": "Country31626",
            "seccion": "Question 8 B Row 2 Country or Territory.  If you have more than one previous country or territory of residence, please give your other previous country or territory of residence.",
            "hubspotProperty": ""
        },
        {
            "dataId": "Status31627",
            "seccion": "Question 8 B Row 2 Status.  Your immigration status in your previous country of residence",
            "hubspotProperty": ""
        },
        {
            "dataId": "Country31649",
            "seccion": "Question 9 B Country or Territory.  If you replied No to question 9 A, please give the country or territory from where you are applying.",
            "hubspotProperty": ""
        },
        {
            "dataId": "Status31650",
            "seccion": "Question 9 B Status.  Your immigration status in the country from where you are applying.",
            "hubspotProperty": ""
        },
        {
            "dataId": "MaritalStatus31664",
            "seccion": "Question 10 A.  Your current marital status",
            "value": "02",
            "hubspotProperty": ""
        },
        {
            "dataId": "TypeOfRelationship31689",
            "seccion": "Question 11 C Type of Relationship.  If you replied Yes to question 11 A, please indicate if your status was married or common-law.",
            "hubspotProperty": ""
        },
        {
            "dataId": "nativeLang31704",
            "seccion": "Languages Section Question 1 A : Native language/Mother Tongue. Please provide your native language.",
            "value": "120",
            "hubspotProperty": ""
        },
        {
            "dataId": "ableToCommunicate31706",
            "seccion": "Languages Section Question 1 B :  Are you able to communicate in English and/or French?",
            "value": "English",
            "hubspotProperty": "idiomaparacomunicarse"
        },
        {
            "dataId": "lov31707",
            "seccion": "Languages Section Question 1 C :  In which language are you most at ease?",
            "hubspotProperty": ""
        },
        {
            "dataId": "CountryofIssue31714",
            "seccion": "Question 2. The country or territory that issued your passport",
            "value": "723",
            "hubspotProperty": ""
        },
        {
            "dataId": "CountryofIssue31734",
            "seccion": "Question 3.  The country or territory that issued your National Identity document",
            "value": "723",
            "hubspotProperty": ""
        },
        {
            "dataId": "Country31761",
            "seccion": "Question 1 Current mailing address country or territory",
            "value": "723",
            "hubspotProperty": ""
        },
        {
            "dataId": "ProvinceState31763",
            "seccion": "Question 1 Current mailing address province or state only if the country is Canada or the United States",
            "hubspotProperty": ""
        },
        {
            "dataId": "Country31779",
            "seccion": "Question 2 Residential address country or territory",
            "hubspotProperty": ""
        },
        {
            "dataId": "ProvinceState31781",
            "seccion": "Question 2 Residential address province or state only if country is Canada or the United States",
            "hubspotProperty": ""
        },
        {
            "dataId": "Type31788",
            "seccion": "Question 3 Type of telephone",
            "value": "02",
            "hubspotProperty": ""
        },
        {
            "dataId": "Type31801",
            "seccion": "Question 4 Alternate Telephone Type",
            "hubspotProperty": ""
        },
        {
            "dataId": "Program31831",
            "seccion": "Question 1c) My field of study will be.",
            "hubspotProperty": ""
        },
        {
            "dataId": "Level31832",
            "seccion": "Question 1b) My level of study will be.",
            "value": "01",
            "hubspotProperty": ""
        },
        {
            "dataId": "Prov31834",
            "seccion": "Question 1 D Province.  The Province in Canada in which the educational institution is located",
            "value": "07",
            "hubspotProperty": ""
        },
        {
            "dataId": "CityTown31836",
            "seccion": "Question 1 D City/Town.  The City or Town in which the educational institution is located",
            "value": "5378",
            "hubspotProperty": ""
        },
        {
            "dataId": "expensesPaidBy31856",
            "seccion": "Question 6 A. Your expenses in Canada will be paid by",
            "value": "Parents",
            "hubspotProperty": "expensas_pagadas_por"
        },
        {
            "dataId": "Country31869",
            "seccion": "Question 1 Country or Territory",
            "hubspotProperty": ""
        },
        {
            "dataId": "ProvState31870",
            "seccion": "Question 1 Province or State. Please give the Province or State if the Country is Canada or United States.",
            "hubspotProperty": ""
        },
        {
            "dataId": "Country31885",
            "seccion": "Employment Record 1 Country or Territory",
            "value": "723",
            "hubspotProperty": ""
        },
        {
            "dataId": "ProvState31886",
            "seccion": "Employment Record 1 Province or State if Country is Canada or United States",
            "hubspotProperty": ""
        },
        {
            "dataId": "Country31898",
            "seccion": "Employment Record 2 Country or Territory",
            "hubspotProperty": ""
        },
        {
            "dataId": "ProvState31899",
            "seccion": "Employment Record 2 Province or State if Country is Canada or United States",
            "hubspotProperty": ""
        },
        {
            "dataId": "Country31911",
            "seccion": "Employment Record 3 Country or Territory",
            "hubspotProperty": ""
        },
        {
            "dataId": "ProvState31912",
            "seccion": "Employment Record 3 Province or State if Country is Canada or United States",
            "hubspotProperty": ""
        }
    ],
    "inputs": [
        {
            "dataId": "CRCNum31572",
            "seccion": null,
            "value": "1855826972",
            "hubspotProperty": ""
        },
        {
            "dataId": "Age31573",
            "seccion": null,
            "value": "10",
            "hubspotProperty": ""
        },
        {
            "dataId": "AdultFlag31574",
            "seccion": null,
            "value": "child",
            "hubspotProperty": ""
        },
        {
            "dataId": "FormVersion31575",
            "seccion": null,
            "value": ".ENU-10-2019",
            "hubspotProperty": ""
        },
        {
            "dataId": "PrevSpouseAge31576",
            "seccion": null,
            "hubspotProperty": ""
        },
        {
            "dataId": "UCIClientID31582",
            "seccion": "Question 1 UCI",
            "hubspotProperty": ""
        },
        {
            "dataId": "AliasNameIndicator31591",
            "seccion": "Indicate No to the Question 2 A: Have you ever used any other name such as a nickname, maiden name or alias?",
            "value": "N",
            "hubspotProperty": ""
        },
        {
            "dataId": "AliasNameIndicator31591",
            "seccion": "Indicate Yes to the Question 2 A: Have you ever used any other name such as a nickname, maiden name or alias?",
            "value": "N",
            "hubspotProperty": ""
        },
        {
            "dataId": "DOBYear31594",
            "seccion": "Question 4 Date of Birth Year in YYYY format",
            "value": "2013",
            "hubspotProperty": ""
        },
        {
            "dataId": "DOBMonth31595",
            "seccion": "Question 4 Date of Birth Month in MM format",
            "value": "10",
            "hubspotProperty": ""
        },
        {
            "dataId": "DOBDay31596",
            "seccion": "Question 4 Date of Birth Day in DD format",
            "value": "22",
            "hubspotProperty": ""
        },
        {
            "dataId": "FromDate31607",
            "seccion": "Question 7 D The start date of your immigration status in your current country of residence in YYYY-MM-DD format",
            "hubspotProperty": ""
        },
        {
            "dataId": "ToDate31608",
            "seccion": "Question 7 E The end date of your immigration status in your current country of residence in YYYY-MM-DD format",
            "hubspotProperty": ""
        },
        {
            "dataId": "FromYr31610",
            "seccion": null,
            "hubspotProperty": ""
        },
        {
            "dataId": "FromMM31611",
            "seccion": null,
            "hubspotProperty": ""
        },
        {
            "dataId": "FromDD31612",
            "seccion": null,
            "hubspotProperty": ""
        },
        {
            "dataId": "ToYr31613",
            "seccion": null,
            "hubspotProperty": ""
        },
        {
            "dataId": "ToMM31614",
            "seccion": null,
            "hubspotProperty": ""
        },
        {
            "dataId": "ToDD31615",
            "seccion": null,
            "hubspotProperty": ""
        },
        {
            "dataId": "PCRIndicator31616",
            "seccion": "Indicate No to the Question 8 A:  During the past 5 years have you lived in any country other than your country of citizenship or your current country of residence for more than 6 months?",
            "value": "N",
            "hubspotProperty": ""
        },
        {
            "dataId": "PCRIndicator31616",
            "seccion": "Indicate Yes to the Question 8 A:  During the past 5 years have you lived in any country other than your country of citizenship or your current country of residence for more than 6 months?",
            "value": "N",
            "hubspotProperty": ""
        },
        {
            "dataId": "FromDate31623",
            "seccion": "Question 8 B Row 1 Status From Date.  The start date of your immigration status in your previous country of residence in YYYY-MM-DD format",
            "hubspotProperty": ""
        },
        {
            "dataId": "ToDate31624",
            "seccion": "Question 8 B Row 1 Status To Date. The end date of your immigration status in your previous country of residence in YYYY-MM-DD format",
            "hubspotProperty": ""
        },
        {
            "dataId": "FromDate31629",
            "seccion": "Question 8 B Row 2 Status From Date.    The start date of your immigration status in your previous country of residence in YYYY-MM-DD format",
            "hubspotProperty": ""
        },
        {
            "dataId": "ToDate31630",
            "seccion": "Question 8 B Row 2 Status To Date. The end date of your immigration status in your previous country of residence in YYYY-MM-DD format",
            "hubspotProperty": ""
        },
        {
            "dataId": "FromYr31632",
            "seccion": null,
            "hubspotProperty": ""
        },
        {
            "dataId": "FromMM31633",
            "seccion": null,
            "hubspotProperty": ""
        },
        {
            "dataId": "FromDD31634",
            "seccion": null,
            "hubspotProperty": ""
        },
        {
            "dataId": "ToYr31635",
            "seccion": null,
            "hubspotProperty": ""
        },
        {
            "dataId": "ToMM31636",
            "seccion": null,
            "hubspotProperty": ""
        },
        {
            "dataId": "ToDD31637",
            "seccion": null,
            "hubspotProperty": ""
        },
        {
            "dataId": "FromYr31639",
            "seccion": null,
            "hubspotProperty": ""
        },
        {
            "dataId": "FromMM31640",
            "seccion": null,
            "hubspotProperty": ""
        },
        {
            "dataId": "FromDD31641",
            "seccion": null,
            "hubspotProperty": ""
        },
        {
            "dataId": "ToYr31642",
            "seccion": null,
            "hubspotProperty": ""
        },
        {
            "dataId": "ToMM31643",
            "seccion": null,
            "hubspotProperty": ""
        },
        {
            "dataId": "ToDD31644",
            "seccion": null,
            "hubspotProperty": ""
        },
        {
            "dataId": "SameAsCORIndicator31645",
            "seccion": "Indicate No to Question 9 A. Is the country or territory from where you are applying the same as your current country or territory of residence?",
            "value": "Y",
            "hubspotProperty": ""
        },
        {
            "dataId": "SameAsCORIndicator31645",
            "seccion": "Indicate Yes to Question 9 A. Is the country or territory from where you are applying the same as your current country or territory of residence?",
            "value": "Y",
            "hubspotProperty": ""
        },
        {
            "dataId": "FromDate31652",
            "seccion": "Question 9 B. Status From Date. The start date of your immigration status in the country from where you are applying in YYYY-MM-DD format",
            "hubspotProperty": ""
        },
        {
            "dataId": "ToDate31653",
            "seccion": "Question 9 B Status To Date. The end date of your immigration status in the country from where you are applying in YYYY-MM-DD format",
            "hubspotProperty": ""
        },
        {
            "dataId": "FromYr31655",
            "seccion": null,
            "hubspotProperty": ""
        },
        {
            "dataId": "FromMM31656",
            "seccion": null,
            "hubspotProperty": ""
        },
        {
            "dataId": "FromDD31657",
            "seccion": null,
            "hubspotProperty": ""
        },
        {
            "dataId": "ToYr31658",
            "seccion": null,
            "hubspotProperty": ""
        },
        {
            "dataId": "ToMM31659",
            "seccion": null,
            "hubspotProperty": ""
        },
        {
            "dataId": "ToDD31660",
            "seccion": null,
            "hubspotProperty": ""
        },
        {
            "dataId": "ApplicationValidatedFlag31661",
            "seccion": null,
            "value": "Yes",
            "hubspotProperty": ""
        },
        {
            "dataId": "DateOfMarriage31665",
            "seccion": "Question 10 B. If you are married or in a common law relationship, please give the date on which you were married or entered into the common law relationship in YYYY-MM-DD format.",
            "hubspotProperty": ""
        },
        {
            "dataId": "FromYr31667",
            "seccion": null,
            "hubspotProperty": ""
        },
        {
            "dataId": "FromMM31668",
            "seccion": null,
            "hubspotProperty": ""
        },
        {
            "dataId": "FromDD31669",
            "seccion": null,
            "hubspotProperty": ""
        },
        {
            "dataId": "PrevMarriedIndicator31676",
            "seccion": "Indicate NO to Question 11 A.  Have you previously been married or in a common law relationship?",
            "value": "N",
            "hubspotProperty": ""
        },
        {
            "dataId": "PrevMarriedIndicator31676",
            "seccion": "Indicate YES to Question 11 A.  Have you previously been married or in a common law relationship?",
            "value": "N",
            "hubspotProperty": ""
        },
        {
            "dataId": "DateCalc31678",
            "seccion": null,
            "hubspotProperty": ""
        },
        {
            "dataId": "Year31679",
            "seccion": null,
            "value": "2023",
            "hubspotProperty": ""
        },
        {
            "dataId": "Month31680",
            "seccion": null,
            "value": "11",
            "hubspotProperty": ""
        },
        {
            "dataId": "Day31681",
            "seccion": null,
            "value": "10",
            "hubspotProperty": ""
        },
        {
            "dataId": "DOBYear31684",
            "seccion": "Question 4 Date of Birth Year in YYYY format",
            "hubspotProperty": ""
        },
        {
            "dataId": "DOBMonth31685",
            "seccion": "Question 4 Date of Birth Month in MM format",
            "hubspotProperty": ""
        },
        {
            "dataId": "DOBDay31686",
            "seccion": "Question 4 Date of Birth Day in DD format",
            "hubspotProperty": ""
        },
        {
            "dataId": "FromDate31690",
            "seccion": "Question 11 C From Date. The start date of your previous marriage or common law relationship in YYYY-MM-DD format",
            "hubspotProperty": ""
        },
        {
            "dataId": "ToDate31692",
            "seccion": "Question 11 C To Date.  The end date of your previous marriage or common law relationship in YYYY-MM-DD format",
            "hubspotProperty": ""
        },
        {
            "dataId": "FromYr31694",
            "seccion": null,
            "hubspotProperty": ""
        },
        {
            "dataId": "FromMM31695",
            "seccion": null,
            "hubspotProperty": ""
        },
        {
            "dataId": "FromDD31696",
            "seccion": null,
            "hubspotProperty": ""
        },
        {
            "dataId": "ToYr31697",
            "seccion": null,
            "hubspotProperty": ""
        },
        {
            "dataId": "ToMM31698",
            "seccion": null,
            "hubspotProperty": ""
        },
        {
            "dataId": "ToDD31699",
            "seccion": null,
            "hubspotProperty": ""
        },
        {
            "dataId": "LanguageTest31708",
            "seccion": "Indicate NO to Question 1 D.  Have you taken a test form a designated testing agency to assess your proficiency in English or French?",
            "value": "Y",
            "hubspotProperty": ""
        },
        {
            "dataId": "LanguageTest31708",
            "seccion": "Indicate Yes to Question 1 D.  Have you taken a test form a designated testing agency to assess your proficiency in English or French?",
            "value": "Y",
            "hubspotProperty": ""
        },
        {
            "dataId": "IssueDate31716",
            "seccion": "Question 3. The issue date of your passport in YYYY-MM-DD format",
            "value": "2023-10-28",
            "hubspotProperty": ""
        },
        {
            "dataId": "ExpiryDate31717",
            "seccion": "Question 4. The expiry date of passport in YYYY-MM-DD format",
            "value": "2026-10-28",
            "hubspotProperty": ""
        },
        {
            "dataId": "IssueYYYY31718",
            "seccion": null,
            "value": "2023",
            "hubspotProperty": ""
        },
        {
            "dataId": "IssueMM31719",
            "seccion": null,
            "value": "10",
            "hubspotProperty": ""
        },
        {
            "dataId": "IssueDD31720",
            "seccion": null,
            "value": "28",
            "hubspotProperty": ""
        },
        {
            "dataId": "expiryYYYY31721",
            "seccion": null,
            "value": "2026",
            "hubspotProperty": ""
        },
        {
            "dataId": "expiryMM31722",
            "seccion": null,
            "value": "10",
            "hubspotProperty": ""
        },
        {
            "dataId": "expiryDD31723",
            "seccion": null,
            "value": "28",
            "hubspotProperty": ""
        },
        {
            "dataId": "TaiwanPIN31724",
            "seccion": "Indicate NO to Question 5.  For this trip, will you use a passport issued by the Ministry of Foreign Affairs in Taiwan that includes your personal identification number?",
            "hubspotProperty": ""
        },
        {
            "dataId": "TaiwanPIN31724",
            "seccion": "Indicate Yes to Question 5.  For this trip, will you use a passport issued by the Ministry of Foreign Affairs in Taiwan that includes your personal identification number?",
            "hubspotProperty": ""
        },
        {
            "dataId": "IsraelPassportIndicator31725",
            "seccion": "Indicate NO to Question 6 :  For this trip, will you use a National Israeli passport?",
            "hubspotProperty": ""
        },
        {
            "dataId": "IsraelPassportIndicator31725",
            "seccion": "Indicate Yes to Question 6 :  For this trip, will you use a National Israeli passport?",
            "hubspotProperty": ""
        },
        {
            "dataId": "natIDIndicator31729",
            "seccion": "Indicate No to the National Identity Document Section Question 1:  Do you have a national identity document?",
            "value": "Y",
            "hubspotProperty": ""
        },
        {
            "dataId": "natIDIndicator31729",
            "seccion": "Indicate Yes to the National Identity Document Section Question 1:  Do you have a national identity document?",
            "value": "Y",
            "hubspotProperty": ""
        },
        {
            "dataId": "IssueDate31736",
            "seccion": "Question 4.  The issue date of your National Identity Document in YYYY-MM-DD format",
            "value": "2022-08-01",
            "hubspotProperty": ""
        },
        {
            "dataId": "ExpiryDate31737",
            "seccion": "Question 5.  The Expiry date of your National Identity Document in YYYY-MM-DD format",
            "value": "2030-08-01",
            "hubspotProperty": ""
        },
        {
            "dataId": "usCardIndicator31741",
            "seccion": "Indicate No to the US PR Card Section Question 1:  Are you a lawful permanent resident of the United States?",
            "value": "N",
            "hubspotProperty": ""
        },
        {
            "dataId": "usCardIndicator31741",
            "seccion": "Indicate Yes to the US PR Card Section Question 1:  Are you a lawful permanent resident of the United States?",
            "value": "N",
            "hubspotProperty": ""
        },
        {
            "dataId": "ExpiryDate31745",
            "seccion": "Question 3.  The Expiry date of your US PR card in YYYY-MM-DD format",
            "hubspotProperty": ""
        },
        {
            "dataId": "SameAsMailingIndicator31767",
            "seccion": "Indicate NO to Question 2  Is your residential address the same as your mailing address?",
            "value": "Y",
            "hubspotProperty": ""
        },
        {
            "dataId": "SameAsMailingIndicator31767",
            "seccion": "Indicate YES to Question 2  Is your residential address the same as your mailing address?",
            "value": "Y",
            "hubspotProperty": ""
        },
        {
            "dataId": "CanadaUS31789",
            "seccion": "Question 3 Is your telephone number in Canada / U S format?",
            "value": "0",
            "hubspotProperty": ""
        },
        {
            "dataId": "Other31790",
            "seccion": "Question 3 Is your telephone number in Other format?",
            "value": "1",
            "hubspotProperty": ""
        },
        {
            "dataId": "NumberExt31791",
            "seccion": "Question 3 Telephone number extension",
            "hubspotProperty": ""
        },
        {
            "dataId": "NumberCountry31792",
            "seccion": "Question 3 Country code",
            "value": "511",
            "hubspotProperty": "codigo_postal"
        },
        {
            "dataId": "ActualNumber31793",
            "seccion": null,
            "value": "+511941723040",
            "hubspotProperty": ""
        },
        {
            "dataId": "AreaCode31795",
            "seccion": "Question 3 : 3 digit Area Code",
            "hubspotProperty": ""
        },
        {
            "dataId": "FirstThree31796",
            "seccion": "Question 3 : 3 digit Exchange Number",
            "hubspotProperty": ""
        },
        {
            "dataId": "LastFive31797",
            "seccion": "Question 3 : 4 digit Subscriber Number",
            "hubspotProperty": ""
        },
        {
            "dataId": "IntlNumber31799",
            "seccion": "Question 3 Telephone number",
            "value": "941723040",
            "hubspotProperty": ""
        },
        {
            "dataId": "CanadaUS31802",
            "seccion": "Question 4 Is your Alternate Telephone number in Canada / U S format?",
            "value": "0",
            "hubspotProperty": ""
        },
        {
            "dataId": "Other31803",
            "seccion": "Question 4 Is your Alternate Telephone number in Other format?",
            "value": "0",
            "hubspotProperty": ""
        },
        {
            "dataId": "NumberExt31804",
            "seccion": "Question 4 Alternate telephone number Extension",
            "hubspotProperty": ""
        },
        {
            "dataId": "NumberCountry31805",
            "seccion": "Question 4 Alternate telephone number Country Code",
            "hubspotProperty": ""
        },
        {
            "dataId": "ActualNumber31806",
            "seccion": null,
            "hubspotProperty": ""
        },
        {
            "dataId": "AreaCode31808",
            "seccion": "Question 4 : 3 digit Area Code",
            "hubspotProperty": ""
        },
        {
            "dataId": "FirstThree31809",
            "seccion": "Question 4 : 3 digit Exchange Number",
            "hubspotProperty": ""
        },
        {
            "dataId": "LastFive31810",
            "seccion": "Question 4 : 4 digit Subscriber Number",
            "hubspotProperty": ""
        },
        {
            "dataId": "IntlNumber31812",
            "seccion": "Question 4 Alternate telephone number",
            "hubspotProperty": ""
        },
        {
            "dataId": "CanadaUS31815",
            "seccion": "Question 5 Is your Fax number in Canada / U S format?",
            "value": "0",
            "hubspotProperty": ""
        },
        {
            "dataId": "Other31816",
            "seccion": "Question 5 Is your Fax number in Other format?",
            "value": "0",
            "hubspotProperty": ""
        },
        {
            "dataId": "NumberExt31817",
            "seccion": "Question 5 Fax number extension",
            "hubspotProperty": ""
        },
        {
            "dataId": "NumberCountry31818",
            "seccion": "Question 5 Fax number Country Code",
            "hubspotProperty": ""
        },
        {
            "dataId": "ActualNumber31819",
            "seccion": null,
            "hubspotProperty": ""
        },
        {
            "dataId": "AreaCode31821",
            "seccion": "Question 5 : 3 digit Area Code",
            "hubspotProperty": ""
        },
        {
            "dataId": "FirstThree31822",
            "seccion": "Question 5: 3 digit Exchange Number",
            "hubspotProperty": ""
        },
        {
            "dataId": "LastFive31823",
            "seccion": "Question 5 :4 digit Subscriber Number",
            "hubspotProperty": ""
        },
        {
            "dataId": "IntlNumber31825",
            "seccion": "Question 5 Fax number",
            "hubspotProperty": ""
        },
        {
            "dataId": "FromDate31841",
            "seccion": "Question 3 Duration of Study From Date.  The start date of your intended studies in Canada in YYYY-MM-DD formatinstitution is located",
            "value": "2024-08-26",
            "hubspotProperty": ""
        },
        {
            "dataId": "ToDate31842",
            "seccion": "Question 3 Duration of Study To Date.  The end date of your intended studies in Canada in YYYY-MM-DD format",
            "value": "2026-04-24",
            "hubspotProperty": ""
        },
        {
            "dataId": "amount31848",
            "seccion": "Question 4. The cost of tuition for your studies",
            "value": "17500",
            "hubspotProperty": "cost_of_studies"
        },
        {
            "dataId": "amount31850",
            "seccion": "Question 4. The cost of Room and board for your studies",
            "hubspotProperty": ""
        },
        {
            "dataId": "amount31852",
            "seccion": "Question 4. The cost of Other expenses for your studies",
            "hubspotProperty": ""
        },
        {
            "dataId": "Funds31855",
            "seccion": "Question 5. Funds available for your stay in Canadian dollars",
            "value": "123880",
            "hubspotProperty": ""
        },
        {
            "dataId": "Other31857",
            "seccion": "Question 6 B.  If you replied with Other to Question 6A, please provide details",
            "hubspotProperty": ""
        },
        {
            "dataId": "EducationIndicator31859",
            "seccion": "Indicate NO to  Question 1.  Have you had any post secondary education including university, college or apprenticeship training?",
            "value": "N",
            "hubspotProperty": "educationindicator"
        },
        {
            "dataId": "EducationIndicator31859",
            "seccion": "Indicate YES to  Question 1.  Have you had any post secondary education including university, college or apprenticeship training?",
            "value": "N",
            "hubspotProperty": ""
        },
        {
            "dataId": "FromYear31861",
            "seccion": "Question 1 From Date Year. If you answered yes to the previous question, please give the year that you started your highest level of post secondary education in YYYY format.",
            "hubspotProperty": ""
        },
        {
            "dataId": "FromMonth31862",
            "seccion": "Question 1 From Date Month. The month that you started your highest level of post secondary education in MM format",
            "hubspotProperty": ""
        },
        {
            "dataId": "ToYear31863",
            "seccion": "Question 1 To Date Year.  Please give the year that you completed your highest level of post secondary education in YYYY format.",
            "hubspotProperty": ""
        },
        {
            "dataId": "ToMonth31864",
            "seccion": "Question 1 To Date Month. The month that you completed your highest level of post secondary education in MM format",
            "hubspotProperty": ""
        },
        {
            "dataId": "FromYear31875",
            "seccion": "Employment Section. Please give details of your employment for the past 10 years, including if you have held any government positions such as civil servant, judge, police officer, mayor, member of parliament, hospital administrator. Record 1 From Date Year. The year of the start of your current employment or other activity in YYYY format",
            "value": "2018",
            "hubspotProperty": ""
        },
        {
            "dataId": "FromMonth31876",
            "seccion": "Employment Record 1 From Date Month.  The month of the start of your current employment or other activity in MM format",
            "value": "03",
            "hubspotProperty": ""
        },
        {
            "dataId": "ToYear31877",
            "seccion": "Employment Record 1 To Date Year. The year that you will complete your current employment or other activity in YYYY format",
            "hubspotProperty": ""
        },
        {
            "dataId": "ToMonth31878",
            "seccion": "Employment Record 1 To Date Month The month that you will complete your current employment or other activity in MM format",
            "hubspotProperty": ""
        },
        {
            "dataId": "FromYear31888",
            "seccion": "Employment Record 2 From Date Year. The year of the start of your previous employment or other activity in YYYY format, if applicable",
            "hubspotProperty": ""
        },
        {
            "dataId": "FromMonth31889",
            "seccion": "Employment Record 2 From Date Month. The month of the start of your previous employment or other activity in MM format",
            "hubspotProperty": ""
        },
        {
            "dataId": "ToYear31890",
            "seccion": "Employment Record 2 To Date Year. The year that you completed your previous employment or other activity in YYYY format",
            "hubspotProperty": ""
        },
        {
            "dataId": "ToMonth31891",
            "seccion": "Employment Record 2 To Date Month. The month that you completed your previous employment or other activity in MM format",
            "hubspotProperty": ""
        },
        {
            "dataId": "FromYear31901",
            "seccion": "Employment Record 3 From Date Year. The year of the start of your previous employment or other activity in YYYY format, if applicable",
            "hubspotProperty": ""
        },
        {
            "dataId": "FromMonth31902",
            "seccion": "Employment Record 3 From Date Month. The month of the start of your previous employment or other activity in MM format",
            "hubspotProperty": ""
        },
        {
            "dataId": "ToYear31903",
            "seccion": "Employment Record 3 To Date Year. The year that you completed your previous employment or other activity in YYYY format",
            "hubspotProperty": ""
        },
        {
            "dataId": "ToMonth31904",
            "seccion": "Employment Record 3 To Date Month. The month that you completed your previous employment or other activity in MM format",
            "hubspotProperty": ""
        },
        {
            "dataId": "Choice31916",
            "seccion": "Indicate NO to Question 1 A. Within the past two years, have you or a family member ever had tuberculosis of the lungs or been in close contact with a person with tuberculosis?",
            "value": "N",
            "hubspotProperty": ""
        },
        {
            "dataId": "Choice31916",
            "seccion": "Indicate YES  to Question 1 A. Within the past two years, have you or a family member ever had tuberculosis of the lungs or been in close contact with a person with tuberculosis?",
            "value": "N",
            "hubspotProperty": ""
        },
        {
            "dataId": "Choice31917",
            "seccion": "Indicate NO to Question 1 B Do you have any physical or mental disorder that would require social or health services, other than medication, during a stay in Canada?",
            "value": "N",
            "hubspotProperty": ""
        },
        {
            "dataId": "Choice31917",
            "seccion": "Indicate YES  to Question 1 B Do you have any physical or mental disorder that would require social or health services, other than medication, during a stay in Canada?",
            "value": "N",
            "hubspotProperty": ""
        },
        {
            "dataId": "backgroundInfoCalc31920",
            "seccion": null,
            "value": "True",
            "hubspotProperty": ""
        },
        {
            "dataId": "VisaChoice131923",
            "seccion": "Indicate NO to Question 2 A. Have you ever remained beyond the validity of your status, attended school without authorization or worked without authorization in Canada?",
            "value": "N",
            "hubspotProperty": ""
        },
        {
            "dataId": "VisaChoice131923",
            "seccion": "Indicate YES  to Question 2 A. Have you ever remained beyond the validity of your status, attended school without authorization or worked without authorization in Canada?",
            "value": "N",
            "hubspotProperty": ""
        },
        {
            "dataId": "VisaChoice231924",
            "seccion": "Indicate NO to Question 2 B. Have you ever been refused a visa or permit, denied entry or ordered to leave Canada or any other country or territory?",
            "value": "N",
            "hubspotProperty": ""
        },
        {
            "dataId": "VisaChoice231924",
            "seccion": "Indicate YES  to Question 2 B. Have you ever been refused a visa or permit, denied entry or ordered to leave Canada or any other country or territory?",
            "value": "N",
            "hubspotProperty": ""
        },
        {
            "dataId": "VisaChoice331927",
            "seccion": "Indicate NO to Question 2 C. Have you ever been refused any kind of visa, admission, or been ordered to leave Canada or any other country?",
            "value": "N",
            "hubspotProperty": ""
        },
        {
            "dataId": "VisaChoice331927",
            "seccion": "Indicate YES  to Question 2 C. Have you ever been refused any kind of visa, admission, or been ordered to leave Canada or any other country?",
            "value": "N",
            "hubspotProperty": ""
        },
        {
            "dataId": "Choice31929",
            "seccion": "Indicate NO to Question 3 A. Have you ever committed, been arrested for, been charged with or convicted of any criminal offence in any country or territory?",
            "value": "N",
            "hubspotProperty": ""
        },
        {
            "dataId": "Choice31929",
            "seccion": "Indicate YES  to Question 3 A. Have you ever committed, been arrested for, been charged with or convicted of any criminal offence in any country or territory?",
            "value": "N",
            "hubspotProperty": ""
        },
        {
            "dataId": "Choice31932",
            "seccion": "Indicate NO to Question 4 A. Did you serve in any military, militia, or civil defence unit or serve in a security organization or police force (including non obligatory national service, reserve or volunteer units)?",
            "value": "N",
            "hubspotProperty": ""
        },
        {
            "dataId": "Choice31932",
            "seccion": "Indicate YES  to Question 4 A. Did you serve in any military, militia, or civil defence unit or serve in a security organization or police force (including non obligatory national service, reserve or volunteer units)?",
            "value": "N",
            "hubspotProperty": ""
        },
        {
            "dataId": "Choice31935",
            "seccion": "Indicate NO to Question 5.  Are you, or have you ever been a member or associated with any political party, or other group or organization which has engaged in or advocated violence as a means to achieving a political or religious objective, or which has been associated with criminal activity at any time?",
            "value": "N",
            "hubspotProperty": ""
        },
        {
            "dataId": "Choice31935",
            "seccion": "Indicate YES  to Question 5.  Are you, or have you ever been a member or associated with any political party, or other group or organization which has engaged in or advocated violence as a means to achieving a political or religious objective, or which has been associated with criminal activity at any time?",
            "value": "N",
            "hubspotProperty": ""
        },
        {
            "dataId": "Choice31937",
            "seccion": "Indicate NO to Question 6.  Have you ever witnessed or participated in the ill treatment of prisoners or civilians, looting or desecration of religious buildings?",
            "value": "N",
            "hubspotProperty": "crimenes_de_odio"
        },
        {
            "dataId": "Choice31937",
            "seccion": "Indicate YES  to Question 6.  Have you ever witnessed or participated in the ill treatment of prisoners or civilians, looting or desecration of religious buildings?",
            "value": "N",
            "hubspotProperty": ""
        },
        {
            "dataId": "Choice31939",
            "seccion": "Indicate NO to Question 6.  Have you ever witnessed or participated in the ill treatment of prisoners or civilians, looting or desecration of religious buildings?",
            "value": "Y",
            "hubspotProperty": ""
        },
        {
            "dataId": "Choice31939",
            "seccion": "Indicate YES  to Question 6.  Have you ever witnessed or participated in the ill treatment of prisoners or civilians, looting or desecration of religious buildings?",
            "value": "Y",
            "hubspotProperty": ""
        },
        {
            "dataId": "TextField231941",
            "seccion": "Signature of applicant or parent / legal guardian for a person under 18 years of age.",
            "value": "Angelo Okuma",
            "hubspotProperty": ""
        },
        {
            "dataId": "C1CertificateIssueDate31942",
            "seccion": "Signature date",
            "value": "2023-11-15",
            "hubspotProperty": "fecha_de_firma"
        },
        {
            "dataId": "ReaderInfo31944",
            "seccion": null,
            "value": "Exchange-Pro.23.00120174.Full.WIN.es_MX.ENU-10-2019.",
            "hubspotProperty": ""
        }
    ],
    "textarea": [
        {
            "dataId": "FamilyName31585",
            "seccion": "Personal Details Section Question 1 Family name as shown on your passport or travel document",
            "value": "OKUMA WONG",
            "hubspotProperty": "familyname"
        },
        {
            "dataId": "GivenName31586",
            "seccion": "Question 1 Given name or names as shown on your passport or travel document",
            "value": "KIHEI",
            "hubspotProperty": ""
        },
        {
            "dataId": "AliasFamilyName31588",
            "seccion": "Question 2 B If you answered yes to question 2 A, please give the family name.",
            "hubspotProperty": ""
        },
        {
            "dataId": "AliasGivenName31589",
            "seccion": "Question 2 B If you answered yes to question 2 A, please give the given name.",
            "hubspotProperty": ""
        },
        {
            "dataId": "PlaceBirthCity31597",
            "seccion": "Question 5 A Place of Birth City or Town",
            "value": "LIMA",
            "hubspotProperty": ""
        },
        {
            "dataId": "Other31606",
            "seccion": "Question 7 C If your immigration status is other, please give details.",
            "hubspotProperty": ""
        },
        {
            "dataId": "Other31622",
            "seccion": "Question 8 B Row 1 Other Details.  If your immigration status was other, please give details.",
            "hubspotProperty": ""
        },
        {
            "dataId": "Other31628",
            "seccion": "Question 8 B Row 2 Other Details.   If your immigration status was other, please give details.",
            "hubspotProperty": ""
        },
        {
            "dataId": "Other31651",
            "seccion": "Question 9 B Other Details.  If your immigration status is other, please give details.",
            "hubspotProperty": ""
        },
        {
            "dataId": "FamilyName31670",
            "seccion": "Question 10 C Family Name.  If you are married or in a common law relationship, please give the family name of your current spouse or common law partner.",
            "hubspotProperty": ""
        },
        {
            "dataId": "GivenName31671",
            "seccion": "Question 10 C Given Name.  If you are married or in a common law relationship, please give the given name of your current spouse or common law partner.",
            "hubspotProperty": ""
        },
        {
            "dataId": "PMFamilyName31682",
            "seccion": "Question 11 B Family Name .  If you replied Yes to question 11 A, please give the family name of your previous spouse or common law partner.",
            "hubspotProperty": ""
        },
        {
            "dataId": "PMGivenName31688",
            "seccion": "Question 11 B Given Name.  If you replied Yes to question 11 A, please give the given name of your previous spouse or common law partner.",
            "hubspotProperty": ""
        },
        {
            "dataId": "PassportNum31712",
            "seccion": "Passport Section Question 1. Your current passport number",
            "value": "123706516",
            "hubspotProperty": ""
        },
        {
            "dataId": "DocNum31732",
            "seccion": "Question 2. Your National Identity Document Number",
            "value": "78302595",
            "hubspotProperty": "doc_num"
        },
        {
            "dataId": "DocNum31744",
            "seccion": "Question 2. Your U.S. Citizenship and Immigration Services (USCIS) number",
            "hubspotProperty": ""
        },
        {
            "dataId": "POBox31750",
            "seccion": "Contact Information Section Question 1 Current mailing address PO box",
            "hubspotProperty": ""
        },
        {
            "dataId": "AptUnit31752",
            "seccion": "Question 1 Current mailing address apartment or unit number",
            "value": "402",
            "hubspotProperty": ""
        },
        {
            "dataId": "StreetNum31754",
            "seccion": "Question 1 Current mailing address street number",
            "value": "590",
            "hubspotProperty": ""
        },
        {
            "dataId": "Streetname31756",
            "seccion": "Question 1 Current mailing address street name",
            "value": "JIRON DANIEL HERNANDÉZ",
            "hubspotProperty": ""
        },
        {
            "dataId": "CityTown31759",
            "seccion": "Question 1 Current mailing address city or town",
            "value": "LIMA",
            "hubspotProperty": ""
        },
        {
            "dataId": "PostalCode31765",
            "seccion": "Question 1 Current mailing address postal code",
            "value": "15076",
            "hubspotProperty": ""
        },
        {
            "dataId": "District31766",
            "seccion": "Question 1 Current mailing address district",
            "value": "MAGDALENA DEL MAR",
            "hubspotProperty": "distrito"
        },
        {
            "dataId": "AptUnit31770",
            "seccion": "Question 2  If you replied No to the previous question, please give your residential address apartment or unit number.",
            "hubspotProperty": ""
        },
        {
            "dataId": "StreetNum31772",
            "seccion": "Question 2 Residential address street number",
            "hubspotProperty": ""
        },
        {
            "dataId": "Streetname31774",
            "seccion": "Question 2 Residential address street name",
            "hubspotProperty": ""
        },
        {
            "dataId": "CityTown31776",
            "seccion": "Question 2 Residential address city or town",
            "hubspotProperty": ""
        },
        {
            "dataId": "PostalCode31783",
            "seccion": "Question 2 Residential address postal code",
            "hubspotProperty": ""
        },
        {
            "dataId": "District31784",
            "seccion": "Question 2 Residential address district",
            "hubspotProperty": ""
        },
        {
            "dataId": "Email31826",
            "seccion": "Question 6 Email address",
            "value": "marialaura.bertero@gmail.com",
            "hubspotProperty": ""
        },
        {
            "dataId": "SchoolName31830",
            "seccion": "Details of intended study in Canada section Question 1 A Name of School.  The name of educational institution to which you have been accepted",
            "value": "Unknow",
            "hubspotProperty": "nombre_de_escuela"
        },
        {
            "dataId": "Address31838",
            "seccion": "Question 1 D Address.  The street address of the educational institution",
            "value": "unknow",
            "hubspotProperty": "direccion_de_escuela"
        },
        {
            "dataId": "DLI31843",
            "seccion": "Question 2 A Designated Learning Institution Number",
            "hubspotProperty": "numero_de_institucion"
        },
        {
            "dataId": "StudentNo31844",
            "seccion": "Question 2 B.  My student ID number is:",
            "hubspotProperty": "id_de_estudiuante"
        },
        {
            "dataId": "FieldOfStudy31865",
            "seccion": "Question 1 Field of Study",
            "hubspotProperty": ""
        },
        {
            "dataId": "School31866",
            "seccion": "Question 1 School/Facility Name",
            "hubspotProperty": ""
        },
        {
            "dataId": "CityTown31867",
            "seccion": "Question 1 City/Town",
            "hubspotProperty": ""
        },
        {
            "dataId": "Occupation31880",
            "seccion": "Employment Record 1 Current Activity/Occupation. Your current employment or other activity",
            "value": "Student",
            "hubspotProperty": "occupation"
        },
        {
            "dataId": "Employer31881",
            "seccion": "Employment Record 1 Company/Employer/Facility Name. Your current employer, company or other facility",
            "value": "Mater Purissima",
            "hubspotProperty": "empleador"
        },
        {
            "dataId": "CityTown31883",
            "seccion": "Employment Record 1 City/Town",
            "value": "Lima",
            "hubspotProperty": "ciudad_del_empleador"
        },
        {
            "dataId": "Occupation31893",
            "seccion": "Employment Record 2 Previous Activity/Occupation. Your previous employment or other activity",
            "hubspotProperty": ""
        },
        {
            "dataId": "Employer31894",
            "seccion": "Employment Record 2 Company/Employer/Facility Name. Your previous employer, company or other facility",
            "hubspotProperty": ""
        },
        {
            "dataId": "CityTown31896",
            "seccion": "Employment Record 2 City/Town",
            "hubspotProperty": ""
        },
        {
            "dataId": "Occupation31906",
            "seccion": "Employment Record 3 Previous Activity/Occupation. Your previous employment or other activity",
            "hubspotProperty": ""
        },
        {
            "dataId": "Employer31907",
            "seccion": "Employment Record 3 Company/Employer/Facility Name. Your previous employer, company or other facility",
            "hubspotProperty": ""
        },
        {
            "dataId": "CityTown31909",
            "seccion": "Employment Record 3 City/Town",
            "hubspotProperty": ""
        },
        {
            "dataId": "MedicalDetails31919",
            "seccion": "Question 1 C. If you answered yes to question 1 A or 1 B please give details and the name of the family member, if applicable.",
            "hubspotProperty": ""
        },
        {
            "dataId": "refusedDetails31926",
            "seccion": "Question 2 D.  If you answered yes to Question 2 A, 2B, or 2 C, please give details.",
            "hubspotProperty": ""
        },
        {
            "dataId": "Details31930",
            "seccion": "Question 3 B. If you answered yes to question 3A above, please give details.",
            "hubspotProperty": ""
        },
        {
            "dataId": "militaryServiceDetails31933",
            "seccion": "Question 4 B. If you answered yes to question 4 A, please give dates of service and countries or territories where you served.",
            "hubspotProperty": ""
        }
    ]
}