{
    "studypermit": [
      "imm1294e April, 2022",
      "imm1295e, April, 2022",
      "imm5257e",
      "imm5476e - Actualizado Agosto 2023",
      "imm5645e - Family information",
      "imm5708e-Visitor Record",
      "imm5709e Student",
      "imm5710e-Application to change conditions or entend my stay as a worker",
      "imm5713e",
      "imm5645e"
    ],
    "visitorvisa": [
      "IMM5713eUseofaFamilyMember",
      "IMM5257eTRV",
      "IMM5645E-FamilyInformationForm",
      "IMM5476-Useofrepresentative"
    ],
    "trv": [
      "IMM5257eTRV",
      "IMM5476-Useofrepresentative"
    ],
    "extensiones": [
      "IMM5709eApplicationtoextendmystayasastudent",
      "IMM5476-Useofrepresentative",
      "IMM5713eUseofaFamilyMember",
      "IMM5710eApplicationtoextendmystayasaworker",
      "IMM5709eApplicationtoextendmystayasastudent",
      "IMM5708eApplicationtoextendmystayasavisitor"
    ],
    "workpermitout": [
      "IMM1295E-ApplicationforaWorkPermitfromOutsideofCanada",
      "IMM5645E-FamilyInformationForm",
      "IMM5476-Useofrepresentative"
    ],
    "workpermitin": [
      "IMM5710eApplicationtoextendmystayasaworker",
      "IMM5645E-FamilyInformationForm",
      "IMM5476-Useofrepresentative"
    ],
    "visitorrecord": [
      "IMM5708eApplicationtoextendmystayasavisitor",
      "IMM5476-Useofrepresentative"
    ]
  }